# --- WireDatabaseBackup {"time":"2021-04-14 16:45:42","user":"","dbName":"primmat","description":"","tables":[],"excludeTables":["pages_drafts","pages_roles","permissions","roles","roles_permissions","users","users_roles","user","role","permission"],"excludeCreateTables":[],"excludeExportTables":["field_roles","field_permissions","field_email","field_pass","caches","session_login_throttle","page_path_history"]}

DROP TABLE IF EXISTS `caches`;
CREATE TABLE `caches` (
  `name` varchar(250) NOT NULL,
  `data` mediumtext NOT NULL,
  `expires` datetime NOT NULL,
  PRIMARY KEY (`name`),
  KEY `expires` (`expires`)
) ENGINE=MyISAM DEFAULT CHARSET=utf8;

DROP TABLE IF EXISTS `field_admin_theme`;
CREATE TABLE `field_admin_theme` (
  `pages_id` int(10) unsigned NOT NULL,
  `data` int(11) NOT NULL,
  PRIMARY KEY (`pages_id`),
  KEY `data` (`data`)
) ENGINE=MyISAM DEFAULT CHARSET=utf8;


DROP TABLE IF EXISTS `field_email`;
CREATE TABLE `field_email` (
  `pages_id` int(10) unsigned NOT NULL,
  `data` varchar(250) NOT NULL DEFAULT '',
  PRIMARY KEY (`pages_id`),
  KEY `data_exact` (`data`),
  FULLTEXT KEY `data` (`data`)
) ENGINE=MyISAM DEFAULT CHARSET=utf8;

DROP TABLE IF EXISTS `field_files`;
CREATE TABLE `field_files` (
  `pages_id` int(10) unsigned NOT NULL,
  `data` varchar(250) NOT NULL,
  `sort` int(10) unsigned NOT NULL,
  `description` text NOT NULL,
  `modified` datetime DEFAULT NULL,
  `created` datetime DEFAULT NULL,
  `filedata` mediumtext,
  PRIMARY KEY (`pages_id`,`sort`),
  KEY `data` (`data`),
  KEY `modified` (`modified`),
  KEY `created` (`created`),
  FULLTEXT KEY `description` (`description`),
  FULLTEXT KEY `filedata` (`filedata`)
) ENGINE=MyISAM DEFAULT CHARSET=utf8;

INSERT INTO `field_files` (`pages_id`, `data`, `sort`, `description`, `modified`, `created`, `filedata`) VALUES('1044', '1804180907-a3horizontal.pdf', '2', '', '2021-03-16 15:05:51', '2021-03-16 15:05:51', '');
INSERT INTO `field_files` (`pages_id`, `data`, `sort`, `description`, `modified`, `created`, `filedata`) VALUES('1044', 'aktualizace-web_-sablony-ii-1-1.pdf', '1', '', '2021-03-16 15:05:51', '2021-03-16 15:05:51', '');
INSERT INTO `field_files` (`pages_id`, `data`, `sort`, `description`, `modified`, `created`, `filedata`) VALUES('1044', 'primmat-tour.pdf', '0', '', '2021-03-16 14:50:19', '2021-03-16 14:50:19', '');
INSERT INTO `field_files` (`pages_id`, `data`, `sort`, `description`, `modified`, `created`, `filedata`) VALUES('1083', 'edo-63-41-m-01-ekonomika-a-podnikani-_denni-studium_-nemcina-19-20.pdf', '3', '', '2021-03-17 16:12:38', '2021-03-17 16:12:38', '');
INSERT INTO `field_files` (`pages_id`, `data`, `sort`, `description`, `modified`, `created`, `filedata`) VALUES('1086', 'skolni-seznam-literarnich-del-k-maturite.pdf', '0', '', '2021-03-17 16:22:09', '2021-03-17 16:22:09', '');
INSERT INTO `field_files` (`pages_id`, `data`, `sort`, `description`, `modified`, `created`, `filedata`) VALUES('1083', 'zadost-o-mesicni-platbu-predpisu-skolneho.odt', '16', '', '2021-03-17 16:13:29', '2021-03-17 16:13:29', '');
INSERT INTO `field_files` (`pages_id`, `data`, `sort`, `description`, `modified`, `created`, `filedata`) VALUES('1083', 'pravidla-pro-hodnoceni-vysledku-vzdelavani.docx', '11', '', '2021-03-17 16:12:38', '2021-03-17 16:12:38', '');
INSERT INTO `field_files` (`pages_id`, `data`, `sort`, `description`, `modified`, `created`, `filedata`) VALUES('1083', 'predbezna-prihlaska-formular-a5.pdf', '12', '', '2021-03-17 16:12:38', '2021-03-17 16:12:38', '');
INSERT INTO `field_files` (`pages_id`, `data`, `sort`, `description`, `modified`, `created`, `filedata`) VALUES('1083', 'skolni-rad.docx', '13', '', '2021-03-17 16:12:38', '2021-03-17 16:12:38', '');
INSERT INTO `field_files` (`pages_id`, `data`, `sort`, `description`, `modified`, `created`, `filedata`) VALUES('1083', 'skolska-rada-primmat.docx', '14', '', '2021-03-17 16:12:38', '2021-03-17 16:12:38', '');
INSERT INTO `field_files` (`pages_id`, `data`, `sort`, `description`, `modified`, `created`, `filedata`) VALUES('1083', 'zadost-o-uvoleni-z-tv.odt', '15', '', '2021-03-17 16:13:29', '2021-03-17 16:13:29', '');
INSERT INTO `field_files` (`pages_id`, `data`, `sort`, `description`, `modified`, `created`, `filedata`) VALUES('1083', 'potvrzeni-o-studiu-urad-prace.pdf', '10', '', '2021-03-17 16:12:38', '2021-03-17 16:12:38', '');
INSERT INTO `field_files` (`pages_id`, `data`, `sort`, `description`, `modified`, `created`, `filedata`) VALUES('1083', 'potvrzeni-o-studiu-skolni.pdf', '9', '', '2021-03-17 16:12:38', '2021-03-17 16:12:38', '');
INSERT INTO `field_files` (`pages_id`, `data`, `sort`, `description`, `modified`, `created`, `filedata`) VALUES('1083', 'organizaci-skolniho-roku-2020-2021.docx', '8', '', '2021-03-17 16:12:38', '2021-03-17 16:12:38', '');
INSERT INTO `field_files` (`pages_id`, `data`, `sort`, `description`, `modified`, `created`, `filedata`) VALUES('1083', 'omlouvani_nepritomnosti_ve_vyucovani.pdf', '7', '', '2021-03-17 16:12:38', '2021-03-17 16:12:38', '');
INSERT INTO `field_files` (`pages_id`, `data`, `sort`, `description`, `modified`, `created`, `filedata`) VALUES('1083', 'maturitni_prace-pravidla_hodnoceni.docx', '6', '', '2021-03-17 16:12:38', '2021-03-17 16:12:38', '');
INSERT INTO `field_files` (`pages_id`, `data`, `sort`, `description`, `modified`, `created`, `filedata`) VALUES('1083', 'gdpr.pdf', '5', '', '2021-03-17 16:12:38', '2021-03-17 16:12:38', '');
INSERT INTO `field_files` (`pages_id`, `data`, `sort`, `description`, `modified`, `created`, `filedata`) VALUES('1083', 'anj_kriteria_hodnoceni_mz2021.docx', '4', '', '2021-03-17 16:12:38', '2021-03-17 16:12:38', '');
INSERT INTO `field_files` (`pages_id`, `data`, `sort`, `description`, `modified`, `created`, `filedata`) VALUES('1083', 'edo-63-41-m-01-ekonomika-a-podnikani-_denni-studium_-anglictina-19-20.pdf', '2', '', '2021-03-17 16:12:38', '2021-03-17 16:12:38', '');
INSERT INTO `field_files` (`pages_id`, `data`, `sort`, `description`, `modified`, `created`, `filedata`) VALUES('1083', 'dodatek-c.docx', '1', '', '2021-03-17 16:12:38', '2021-03-17 16:12:38', '');
INSERT INTO `field_files` (`pages_id`, `data`, `sort`, `description`, `modified`, `created`, `filedata`) VALUES('1083', 'edo-63-41-m-01-ekonomika-a-podnikani-_denni-studium_-cestina-19-20.pdf', '0', '', '2021-03-17 16:12:38', '2021-03-17 16:12:38', '');
INSERT INTO `field_files` (`pages_id`, `data`, `sort`, `description`, `modified`, `created`, `filedata`) VALUES('1087', 'topics-part-iii-2016.pdf', '0', '', '2021-03-17 16:26:39', '2021-03-17 16:26:39', '');
INSERT INTO `field_files` (`pages_id`, `data`, `sort`, `description`, `modified`, `created`, `filedata`) VALUES('1088', 'maruritni-okruhy-geografie-a-cestovni-ruch.pdf', '0', '', '2021-03-17 16:27:29', '2021-03-17 16:27:29', '');
INSERT INTO `field_files` (`pages_id`, `data`, `sort`, `description`, `modified`, `created`, `filedata`) VALUES('1089', 'maturitni-okruhy-isa.pdf', '0', '', '2021-03-17 16:28:01', '2021-03-17 16:28:01', '');
INSERT INTO `field_files` (`pages_id`, `data`, `sort`, `description`, `modified`, `created`, `filedata`) VALUES('1090', 'maturitni-temata-podnikatelstvi-intern_-sluzby-_1.pdf', '0', '', '2021-03-17 16:29:07', '2021-03-17 16:29:07', '');
INSERT INTO `field_files` (`pages_id`, `data`, `sort`, `description`, `modified`, `created`, `filedata`) VALUES('1091', 'maturitni-temata-podnikatelstvi-obchodnici-_2.pdf', '0', '', '2021-03-17 16:29:55', '2021-03-17 16:29:55', '');
INSERT INTO `field_files` (`pages_id`, `data`, `sort`, `description`, `modified`, `created`, `filedata`) VALUES('1092', 'pos-mat-okr-mich.pdf', '0', '', '2021-03-17 16:34:12', '2021-03-17 16:34:12', '');
INSERT INTO `field_files` (`pages_id`, `data`, `sort`, `description`, `modified`, `created`, `filedata`) VALUES('1084', 'prihlaska-k-mz-_1_-verze-2.docx', '12', '', '2021-03-23 13:38:26', '2021-03-23 13:38:26', '');
INSERT INTO `field_files` (`pages_id`, `data`, `sort`, `description`, `modified`, `created`, `filedata`) VALUES('1084', 'mz-cjl_1.docx', '9', '', '2021-03-23 13:38:26', '2021-03-23 13:38:26', '');
INSERT INTO `field_files` (`pages_id`, `data`, `sort`, `description`, `modified`, `created`, `filedata`) VALUES('1084', 'mz-cjl.docx', '10', '', '2021-03-23 13:38:26', '2021-03-23 13:38:26', '');
INSERT INTO `field_files` (`pages_id`, `data`, `sort`, `description`, `modified`, `created`, `filedata`) VALUES('1084', 'odvolani-mz-msmt.pdf', '11', '', '2021-03-23 13:38:26', '2021-03-23 13:38:26', '');
INSERT INTO `field_files` (`pages_id`, `data`, `sort`, `description`, `modified`, `created`, `filedata`) VALUES('1084', 'maturitni-prace-pravidla-hodnoceni.docx', '8', '', '2021-03-23 13:38:26', '2021-03-23 13:38:26', '');
INSERT INTO `field_files` (`pages_id`, `data`, `sort`, `description`, `modified`, `created`, `filedata`) VALUES('1084', 'maturitni-prace-pravidla-hodnoceni_2.docx', '7', '', '2021-03-23 13:38:26', '2021-03-23 13:38:26', '');
INSERT INTO `field_files` (`pages_id`, `data`, `sort`, `description`, `modified`, `created`, `filedata`) VALUES('1084', 'maturitni-prace-pravidla-hodnoceni_1.docx', '6', '', '2021-03-23 13:38:26', '2021-03-23 13:38:26', '');
INSERT INTO `field_files` (`pages_id`, `data`, `sort`, `description`, `modified`, `created`, `filedata`) VALUES('1084', 'kriteria-hodnoceni-ustni-zkousky-z-cjl_2.docx', '5', '', '2021-03-23 13:38:26', '2021-03-23 13:38:26', '');
INSERT INTO `field_files` (`pages_id`, `data`, `sort`, `description`, `modified`, `created`, `filedata`) VALUES('1084', 'anj-kriteria-hodnoceni-mz2021.docx', '2', '', '2021-03-23 13:38:26', '2021-03-23 13:38:26', '');
INSERT INTO `field_files` (`pages_id`, `data`, `sort`, `description`, `modified`, `created`, `filedata`) VALUES('1084', 'kriteria-hodnoceni-ustni-zkousky-z-cjl_1.docx', '3', '', '2021-03-23 13:38:26', '2021-03-23 13:38:26', '');
INSERT INTO `field_files` (`pages_id`, `data`, `sort`, `description`, `modified`, `created`, `filedata`) VALUES('1084', 'kriteria-hodnoceni-ustni-zkousky-z-cjl.docx', '4', '', '2021-03-23 13:38:26', '2021-03-23 13:38:26', '');
INSERT INTO `field_files` (`pages_id`, `data`, `sort`, `description`, `modified`, `created`, `filedata`) VALUES('1084', 'anj-kriteria-hodnoceni-mz2021_1.docx', '1', '', '2021-03-23 13:38:26', '2021-03-23 13:38:26', '');
INSERT INTO `field_files` (`pages_id`, `data`, `sort`, `description`, `modified`, `created`, `filedata`) VALUES('1084', 'anj-kriteria-hodnoceni-mz2021_2.docx', '0', '', '2021-03-23 13:38:26', '2021-03-23 13:38:26', '');

DROP TABLE IF EXISTS `field_ikony`;
CREATE TABLE `field_ikony` (
  `pages_id` int(10) unsigned NOT NULL,
  `data` int(10) unsigned NOT NULL,
  `sort` int(10) unsigned NOT NULL,
  PRIMARY KEY (`pages_id`,`sort`),
  KEY `data` (`data`)
) ENGINE=MyISAM DEFAULT CHARSET=utf8;

INSERT INTO `field_ikony` (`pages_id`, `data`, `sort`) VALUES('1075', '15', '0');
INSERT INTO `field_ikony` (`pages_id`, `data`, `sort`) VALUES('1076', '17', '0');
INSERT INTO `field_ikony` (`pages_id`, `data`, `sort`) VALUES('1077', '9', '0');
INSERT INTO `field_ikony` (`pages_id`, `data`, `sort`) VALUES('1078', '32', '0');

DROP TABLE IF EXISTS `field_images`;
CREATE TABLE `field_images` (
  `pages_id` int(10) unsigned NOT NULL,
  `data` varchar(250) NOT NULL,
  `sort` int(10) unsigned NOT NULL,
  `description` text NOT NULL,
  `modified` datetime DEFAULT NULL,
  `created` datetime DEFAULT NULL,
  `filedata` mediumtext,
  PRIMARY KEY (`pages_id`,`sort`),
  KEY `data` (`data`),
  KEY `modified` (`modified`),
  KEY `created` (`created`),
  FULLTEXT KEY `description` (`description`),
  FULLTEXT KEY `filedata` (`filedata`)
) ENGINE=MyISAM DEFAULT CHARSET=utf8;

INSERT INTO `field_images` (`pages_id`, `data`, `sort`, `description`, `modified`, `created`, `filedata`) VALUES('1031', '49_primmat_foto_eva_plutova.jpg', '0', '', '2021-03-05 11:45:11', '2021-03-05 11:45:11', '');
INSERT INTO `field_images` (`pages_id`, `data`, `sort`, `description`, `modified`, `created`, `filedata`) VALUES('1032', '39_primmat_foto_eva_plutova.jpg', '0', '', '2021-03-05 11:47:11', '2021-03-05 11:47:11', '');
INSERT INTO `field_images` (`pages_id`, `data`, `sort`, `description`, `modified`, `created`, `filedata`) VALUES('1037', '33_primmat_foto_eva_plutova.jpg', '0', '', '2021-03-05 12:11:17', '2021-03-05 12:11:17', '');

DROP TABLE IF EXISTS `field_language`;
CREATE TABLE `field_language` (
  `pages_id` int(10) unsigned NOT NULL,
  `data` int(11) NOT NULL,
  `sort` int(10) unsigned NOT NULL,
  PRIMARY KEY (`pages_id`,`sort`),
  KEY `data` (`data`,`pages_id`,`sort`)
) ENGINE=MyISAM DEFAULT CHARSET=utf8;

INSERT INTO `field_language` (`pages_id`, `data`, `sort`) VALUES('40', '1018', '0');
INSERT INTO `field_language` (`pages_id`, `data`, `sort`) VALUES('41', '1018', '0');

DROP TABLE IF EXISTS `field_language_files`;
CREATE TABLE `field_language_files` (
  `pages_id` int(10) unsigned NOT NULL,
  `data` varchar(250) NOT NULL,
  `sort` int(10) unsigned NOT NULL,
  `description` text NOT NULL,
  `modified` datetime DEFAULT NULL,
  `created` datetime DEFAULT NULL,
  `filedata` mediumtext,
  PRIMARY KEY (`pages_id`,`sort`),
  KEY `data` (`data`),
  KEY `modified` (`modified`),
  KEY `created` (`created`),
  FULLTEXT KEY `description` (`description`),
  FULLTEXT KEY `filedata` (`filedata`)
) ENGINE=MyISAM DEFAULT CHARSET=utf8;

INSERT INTO `field_language_files` (`pages_id`, `data`, `sort`, `description`, `modified`, `created`, `filedata`) VALUES('1018', 'wire--core--admin-php.json', '0', '', '2021-03-01 10:54:59', '2021-03-01 10:54:59', '');
INSERT INTO `field_language_files` (`pages_id`, `data`, `sort`, `description`, `modified`, `created`, `filedata`) VALUES('1018', 'wire--core--admintheme-php.json', '1', '', '2021-03-01 10:54:59', '2021-03-01 10:54:59', '');
INSERT INTO `field_language_files` (`pages_id`, `data`, `sort`, `description`, `modified`, `created`, `filedata`) VALUES('1018', 'wire--core--adminthemeframework-php.json', '2', '', '2021-03-01 10:54:59', '2021-03-01 10:54:59', '');
INSERT INTO `field_language_files` (`pages_id`, `data`, `sort`, `description`, `modified`, `created`, `filedata`) VALUES('1018', 'wire--core--field-php.json', '3', '', '2021-03-01 10:54:59', '2021-03-01 10:54:59', '');
INSERT INTO `field_language_files` (`pages_id`, `data`, `sort`, `description`, `modified`, `created`, `filedata`) VALUES('1018', 'wire--core--fieldgroups-php.json', '4', '', '2021-03-01 10:54:59', '2021-03-01 10:54:59', '');
INSERT INTO `field_language_files` (`pages_id`, `data`, `sort`, `description`, `modified`, `created`, `filedata`) VALUES('1018', 'wire--core--fields-php.json', '5', '', '2021-03-01 10:54:59', '2021-03-01 10:54:59', '');
INSERT INTO `field_language_files` (`pages_id`, `data`, `sort`, `description`, `modified`, `created`, `filedata`) VALUES('1018', 'wire--core--fieldselectorinfo-php.json', '6', '', '2021-03-01 10:54:59', '2021-03-01 10:54:59', '');
INSERT INTO `field_language_files` (`pages_id`, `data`, `sort`, `description`, `modified`, `created`, `filedata`) VALUES('1018', 'wire--core--fieldtype-php.json', '7', '', '2021-03-01 10:54:59', '2021-03-01 10:54:59', '');
INSERT INTO `field_language_files` (`pages_id`, `data`, `sort`, `description`, `modified`, `created`, `filedata`) VALUES('1018', 'wire--core--fieldtypemulti-php.json', '8', '', '2021-03-01 10:54:59', '2021-03-01 10:54:59', '');
INSERT INTO `field_language_files` (`pages_id`, `data`, `sort`, `description`, `modified`, `created`, `filedata`) VALUES('1018', 'wire--core--filecompiler-php.json', '9', '', '2021-03-01 10:54:59', '2021-03-01 10:54:59', '');
INSERT INTO `field_language_files` (`pages_id`, `data`, `sort`, `description`, `modified`, `created`, `filedata`) VALUES('1018', 'wire--core--filecompilermodule-php.json', '10', '', '2021-03-01 10:54:59', '2021-03-01 10:54:59', '');
INSERT INTO `field_language_files` (`pages_id`, `data`, `sort`, `description`, `modified`, `created`, `filedata`) VALUES('1018', 'wire--core--filevalidatormodule-php.json', '11', '', '2021-03-01 10:54:59', '2021-03-01 10:54:59', '');
INSERT INTO `field_language_files` (`pages_id`, `data`, `sort`, `description`, `modified`, `created`, `filedata`) VALUES('1018', 'wire--core--functions-php.json', '12', '', '2021-03-01 10:54:59', '2021-03-01 10:54:59', '');
INSERT INTO `field_language_files` (`pages_id`, `data`, `sort`, `description`, `modified`, `created`, `filedata`) VALUES('1018', 'wire--core--imagesizerengine-php.json', '13', '', '2021-03-01 10:54:59', '2021-03-01 10:54:59', '');
INSERT INTO `field_language_files` (`pages_id`, `data`, `sort`, `description`, `modified`, `created`, `filedata`) VALUES('1018', 'wire--core--imagesizerenginegd-php.json', '14', '', '2021-03-01 10:54:59', '2021-03-01 10:54:59', '');
INSERT INTO `field_language_files` (`pages_id`, `data`, `sort`, `description`, `modified`, `created`, `filedata`) VALUES('1018', 'wire--core--inputfield-php.json', '15', '', '2021-03-01 10:54:59', '2021-03-01 10:54:59', '');
INSERT INTO `field_language_files` (`pages_id`, `data`, `sort`, `description`, `modified`, `created`, `filedata`) VALUES('1018', 'wire--core--inputfieldwrapper-php.json', '16', '', '2021-03-01 10:54:59', '2021-03-01 10:54:59', '');
INSERT INTO `field_language_files` (`pages_id`, `data`, `sort`, `description`, `modified`, `created`, `filedata`) VALUES('1018', 'wire--core--interfaces-php.json', '17', '', '2021-03-01 10:54:59', '2021-03-01 10:54:59', '');
INSERT INTO `field_language_files` (`pages_id`, `data`, `sort`, `description`, `modified`, `created`, `filedata`) VALUES('1018', 'wire--core--languagefunctions-php.json', '18', '', '2021-03-01 10:54:59', '2021-03-01 10:54:59', '');
INSERT INTO `field_language_files` (`pages_id`, `data`, `sort`, `description`, `modified`, `created`, `filedata`) VALUES('1018', 'wire--core--markupqa-php.json', '19', '', '2021-03-01 10:54:59', '2021-03-01 10:54:59', '');
INSERT INTO `field_language_files` (`pages_id`, `data`, `sort`, `description`, `modified`, `created`, `filedata`) VALUES('1018', 'wire--core--modules-php.json', '20', '', '2021-03-01 10:54:59', '2021-03-01 10:54:59', '');
INSERT INTO `field_language_files` (`pages_id`, `data`, `sort`, `description`, `modified`, `created`, `filedata`) VALUES('1018', 'wire--core--modulesduplicates-php.json', '21', '', '2021-03-01 10:54:59', '2021-03-01 10:54:59', '');
INSERT INTO `field_language_files` (`pages_id`, `data`, `sort`, `description`, `modified`, `created`, `filedata`) VALUES('1018', 'wire--core--pageimage-php.json', '22', '', '2021-03-01 10:54:59', '2021-03-01 10:54:59', '');
INSERT INTO `field_language_files` (`pages_id`, `data`, `sort`, `description`, `modified`, `created`, `filedata`) VALUES('1018', 'wire--core--pageseditor-php.json', '23', '', '2021-03-01 10:54:59', '2021-03-01 10:54:59', '');
INSERT INTO `field_language_files` (`pages_id`, `data`, `sort`, `description`, `modified`, `created`, `filedata`) VALUES('1018', 'wire--core--pagesexportimport-php.json', '24', '', '2021-03-01 10:54:59', '2021-03-01 10:54:59', '');
INSERT INTO `field_language_files` (`pages_id`, `data`, `sort`, `description`, `modified`, `created`, `filedata`) VALUES('1018', 'wire--core--pagesnames-php.json', '25', '', '2021-03-01 10:54:59', '2021-03-01 10:54:59', '');
INSERT INTO `field_language_files` (`pages_id`, `data`, `sort`, `description`, `modified`, `created`, `filedata`) VALUES('1018', 'wire--core--paginatedarray-php.json', '26', '', '2021-03-01 10:54:59', '2021-03-01 10:54:59', '');
INSERT INTO `field_language_files` (`pages_id`, `data`, `sort`, `description`, `modified`, `created`, `filedata`) VALUES('1018', 'wire--core--password-php.json', '27', '', '2021-03-01 10:54:59', '2021-03-01 10:54:59', '');
INSERT INTO `field_language_files` (`pages_id`, `data`, `sort`, `description`, `modified`, `created`, `filedata`) VALUES('1018', 'wire--core--permissions-php.json', '28', '', '2021-03-01 10:54:59', '2021-03-01 10:54:59', '');
INSERT INTO `field_language_files` (`pages_id`, `data`, `sort`, `description`, `modified`, `created`, `filedata`) VALUES('1018', 'wire--core--process-php.json', '29', '', '2021-03-01 10:54:59', '2021-03-01 10:54:59', '');
INSERT INTO `field_language_files` (`pages_id`, `data`, `sort`, `description`, `modified`, `created`, `filedata`) VALUES('1018', 'wire--core--processcontroller-php.json', '30', '', '2021-03-01 10:54:59', '2021-03-01 10:54:59', '');
INSERT INTO `field_language_files` (`pages_id`, `data`, `sort`, `description`, `modified`, `created`, `filedata`) VALUES('1018', 'wire--core--processwire-php.json', '31', '', '2021-03-01 10:54:59', '2021-03-01 10:54:59', '');
INSERT INTO `field_language_files` (`pages_id`, `data`, `sort`, `description`, `modified`, `created`, `filedata`) VALUES('1018', 'wire--core--sanitizer-php.json', '32', '', '2021-03-01 10:54:59', '2021-03-01 10:54:59', '');
INSERT INTO `field_language_files` (`pages_id`, `data`, `sort`, `description`, `modified`, `created`, `filedata`) VALUES('1018', 'wire--core--session-php.json', '33', '', '2021-03-01 10:54:59', '2021-03-01 10:54:59', '');
INSERT INTO `field_language_files` (`pages_id`, `data`, `sort`, `description`, `modified`, `created`, `filedata`) VALUES('1018', 'wire--core--sessioncsrf-php.json', '34', '', '2021-03-01 10:54:59', '2021-03-01 10:54:59', '');
INSERT INTO `field_language_files` (`pages_id`, `data`, `sort`, `description`, `modified`, `created`, `filedata`) VALUES('1018', 'wire--core--templatefile-php.json', '35', '', '2021-03-01 10:54:59', '2021-03-01 10:54:59', '');
INSERT INTO `field_language_files` (`pages_id`, `data`, `sort`, `description`, `modified`, `created`, `filedata`) VALUES('1018', 'wire--core--tfa-php.json', '36', '', '2021-03-01 10:54:59', '2021-03-01 10:54:59', '');
INSERT INTO `field_language_files` (`pages_id`, `data`, `sort`, `description`, `modified`, `created`, `filedata`) VALUES('1018', 'wire--core--wire-php.json', '37', '', '2021-03-01 10:54:59', '2021-03-01 10:54:59', '');
INSERT INTO `field_language_files` (`pages_id`, `data`, `sort`, `description`, `modified`, `created`, `filedata`) VALUES('1018', 'wire--core--wirecache-php.json', '38', '', '2021-03-01 10:54:59', '2021-03-01 10:54:59', '');
INSERT INTO `field_language_files` (`pages_id`, `data`, `sort`, `description`, `modified`, `created`, `filedata`) VALUES('1018', 'wire--core--wiredatetime-php.json', '39', '', '2021-03-01 10:54:59', '2021-03-01 10:54:59', '');
INSERT INTO `field_language_files` (`pages_id`, `data`, `sort`, `description`, `modified`, `created`, `filedata`) VALUES('1018', 'wire--core--wirehttp-php.json', '40', '', '2021-03-01 10:54:59', '2021-03-01 10:54:59', '');
INSERT INTO `field_language_files` (`pages_id`, `data`, `sort`, `description`, `modified`, `created`, `filedata`) VALUES('1018', 'wire--core--wireshutdown-php.json', '41', '', '2021-03-01 10:54:59', '2021-03-01 10:54:59', '');
INSERT INTO `field_language_files` (`pages_id`, `data`, `sort`, `description`, `modified`, `created`, `filedata`) VALUES('1018', 'wire--core--wiretexttools-php.json', '42', '', '2021-03-01 10:54:59', '2021-03-01 10:54:59', '');
INSERT INTO `field_language_files` (`pages_id`, `data`, `sort`, `description`, `modified`, `created`, `filedata`) VALUES('1018', 'wire--core--wireupload-php.json', '43', '', '2021-03-01 10:54:59', '2021-03-01 10:54:59', '');
INSERT INTO `field_language_files` (`pages_id`, `data`, `sort`, `description`, `modified`, `created`, `filedata`) VALUES('1018', 'wire--modules--admintheme--adminthemedefault--adminthemedefault-module.json', '44', '', '2021-03-01 10:54:59', '2021-03-01 10:54:59', '');
INSERT INTO `field_language_files` (`pages_id`, `data`, `sort`, `description`, `modified`, `created`, `filedata`) VALUES('1018', 'wire--modules--admintheme--adminthemedefault--adminthemedefaulthelpers-php.json', '45', '', '2021-03-01 10:54:59', '2021-03-01 10:54:59', '');
INSERT INTO `field_language_files` (`pages_id`, `data`, `sort`, `description`, `modified`, `created`, `filedata`) VALUES('1018', 'wire--modules--admintheme--adminthemedefault--default-php.json', '46', '', '2021-03-01 10:54:59', '2021-03-01 10:54:59', '');
INSERT INTO `field_language_files` (`pages_id`, `data`, `sort`, `description`, `modified`, `created`, `filedata`) VALUES('1018', 'wire--modules--admintheme--adminthemereno--adminthemereno-module.json', '47', '', '2021-03-01 10:54:59', '2021-03-01 10:54:59', '');
INSERT INTO `field_language_files` (`pages_id`, `data`, `sort`, `description`, `modified`, `created`, `filedata`) VALUES('1018', 'wire--modules--admintheme--adminthemereno--adminthemerenohelpers-php.json', '48', '', '2021-03-01 10:54:59', '2021-03-01 10:54:59', '');
INSERT INTO `field_language_files` (`pages_id`, `data`, `sort`, `description`, `modified`, `created`, `filedata`) VALUES('1018', 'wire--modules--admintheme--adminthemereno--debug-inc.json', '49', '', '2021-03-01 10:54:59', '2021-03-01 10:54:59', '');
INSERT INTO `field_language_files` (`pages_id`, `data`, `sort`, `description`, `modified`, `created`, `filedata`) VALUES('1018', 'wire--modules--admintheme--adminthemeuikit--_footer-php.json', '50', '', '2021-03-01 10:54:59', '2021-03-01 10:54:59', '');
INSERT INTO `field_language_files` (`pages_id`, `data`, `sort`, `description`, `modified`, `created`, `filedata`) VALUES('1018', 'wire--modules--admintheme--adminthemeuikit--_masthead-php.json', '51', '', '2021-03-01 10:54:59', '2021-03-01 10:54:59', '');
INSERT INTO `field_language_files` (`pages_id`, `data`, `sort`, `description`, `modified`, `created`, `filedata`) VALUES('1018', 'wire--modules--admintheme--adminthemeuikit--_sidenav-masthead-php.json', '52', '', '2021-03-01 10:54:59', '2021-03-01 10:54:59', '');
INSERT INTO `field_language_files` (`pages_id`, `data`, `sort`, `description`, `modified`, `created`, `filedata`) VALUES('1018', 'wire--modules--admintheme--adminthemeuikit--adminthemeuikit-module.json', '53', '', '2021-03-01 10:55:00', '2021-03-01 10:55:00', '');
INSERT INTO `field_language_files` (`pages_id`, `data`, `sort`, `description`, `modified`, `created`, `filedata`) VALUES('1018', 'wire--modules--admintheme--adminthemeuikit--config-php.json', '54', '', '2021-03-01 10:55:00', '2021-03-01 10:55:00', '');
INSERT INTO `field_language_files` (`pages_id`, `data`, `sort`, `description`, `modified`, `created`, `filedata`) VALUES('1018', 'wire--modules--fieldtype--fieldtypecomments--commentfilterakismet-module.json', '55', '', '2021-03-01 10:55:00', '2021-03-01 10:55:00', '');
INSERT INTO `field_language_files` (`pages_id`, `data`, `sort`, `description`, `modified`, `created`, `filedata`) VALUES('1018', 'wire--modules--fieldtype--fieldtypecomments--commentform-php.json', '56', '', '2021-03-01 10:55:00', '2021-03-01 10:55:00', '');
INSERT INTO `field_language_files` (`pages_id`, `data`, `sort`, `description`, `modified`, `created`, `filedata`) VALUES('1018', 'wire--modules--fieldtype--fieldtypecomments--commentlist-php.json', '57', '', '2021-03-01 10:55:00', '2021-03-01 10:55:00', '');
INSERT INTO `field_language_files` (`pages_id`, `data`, `sort`, `description`, `modified`, `created`, `filedata`) VALUES('1018', 'wire--modules--fieldtype--fieldtypecomments--commentnotifications-php.json', '58', '', '2021-03-01 10:55:00', '2021-03-01 10:55:00', '');
INSERT INTO `field_language_files` (`pages_id`, `data`, `sort`, `description`, `modified`, `created`, `filedata`) VALUES('1018', 'wire--modules--fieldtype--fieldtypecomments--commentstars-php.json', '59', '', '2021-03-01 10:55:00', '2021-03-01 10:55:00', '');
INSERT INTO `field_language_files` (`pages_id`, `data`, `sort`, `description`, `modified`, `created`, `filedata`) VALUES('1018', 'wire--modules--fieldtype--fieldtypecomments--fieldtypecomments-module.json', '60', '', '2021-03-01 10:55:00', '2021-03-01 10:55:00', '');
INSERT INTO `field_language_files` (`pages_id`, `data`, `sort`, `description`, `modified`, `created`, `filedata`) VALUES('1018', 'wire--modules--fieldtype--fieldtypecomments--inputfieldcommentsadmin-module.json', '61', '', '2021-03-01 10:55:00', '2021-03-01 10:55:00', '');
INSERT INTO `field_language_files` (`pages_id`, `data`, `sort`, `description`, `modified`, `created`, `filedata`) VALUES('1018', 'wire--modules--fieldtype--fieldtypedatetime-module.json', '62', '', '2021-03-01 10:55:00', '2021-03-01 10:55:00', '');
INSERT INTO `field_language_files` (`pages_id`, `data`, `sort`, `description`, `modified`, `created`, `filedata`) VALUES('1018', 'wire--modules--fieldtype--fieldtypefieldsettabopen-module.json', '63', '', '2021-03-01 10:55:00', '2021-03-01 10:55:00', '');
INSERT INTO `field_language_files` (`pages_id`, `data`, `sort`, `description`, `modified`, `created`, `filedata`) VALUES('1018', 'wire--modules--fieldtype--fieldtypefile-module.json', '64', '', '2021-03-01 10:55:00', '2021-03-01 10:55:00', '');
INSERT INTO `field_language_files` (`pages_id`, `data`, `sort`, `description`, `modified`, `created`, `filedata`) VALUES('1018', 'wire--modules--fieldtype--fieldtypefloat-module.json', '65', '', '2021-03-01 10:55:00', '2021-03-01 10:55:00', '');
INSERT INTO `field_language_files` (`pages_id`, `data`, `sort`, `description`, `modified`, `created`, `filedata`) VALUES('1018', 'wire--modules--fieldtype--fieldtypeinteger-module.json', '66', '', '2021-03-01 10:55:00', '2021-03-01 10:55:00', '');
INSERT INTO `field_language_files` (`pages_id`, `data`, `sort`, `description`, `modified`, `created`, `filedata`) VALUES('1018', 'wire--modules--fieldtype--fieldtypemodule-module.json', '67', '', '2021-03-01 10:55:00', '2021-03-01 10:55:00', '');
INSERT INTO `field_language_files` (`pages_id`, `data`, `sort`, `description`, `modified`, `created`, `filedata`) VALUES('1018', 'wire--modules--fieldtype--fieldtypeoptions--fieldtypeoptions-module.json', '68', '', '2021-03-01 10:55:00', '2021-03-01 10:55:00', '');
INSERT INTO `field_language_files` (`pages_id`, `data`, `sort`, `description`, `modified`, `created`, `filedata`) VALUES('1018', 'wire--modules--fieldtype--fieldtypeoptions--selectableoptionconfig-php.json', '69', '', '2021-03-01 10:55:00', '2021-03-01 10:55:00', '');
INSERT INTO `field_language_files` (`pages_id`, `data`, `sort`, `description`, `modified`, `created`, `filedata`) VALUES('1018', 'wire--modules--fieldtype--fieldtypeoptions--selectableoptionmanager-php.json', '70', '', '2021-03-01 10:55:00', '2021-03-01 10:55:00', '');
INSERT INTO `field_language_files` (`pages_id`, `data`, `sort`, `description`, `modified`, `created`, `filedata`) VALUES('1018', 'wire--modules--fieldtype--fieldtypepage-module.json', '71', '', '2021-03-01 10:55:00', '2021-03-01 10:55:00', '');
INSERT INTO `field_language_files` (`pages_id`, `data`, `sort`, `description`, `modified`, `created`, `filedata`) VALUES('1018', 'wire--modules--fieldtype--fieldtypepagetable-module.json', '72', '', '2021-03-01 10:55:00', '2021-03-01 10:55:00', '');
INSERT INTO `field_language_files` (`pages_id`, `data`, `sort`, `description`, `modified`, `created`, `filedata`) VALUES('1018', 'wire--modules--fieldtype--fieldtyperepeater--config-php.json', '73', '', '2021-03-01 10:55:00', '2021-03-01 10:55:00', '');
INSERT INTO `field_language_files` (`pages_id`, `data`, `sort`, `description`, `modified`, `created`, `filedata`) VALUES('1018', 'wire--modules--fieldtype--fieldtyperepeater--fieldsetpageinstructions-php.json', '74', '', '2021-03-01 10:55:00', '2021-03-01 10:55:00', '');
INSERT INTO `field_language_files` (`pages_id`, `data`, `sort`, `description`, `modified`, `created`, `filedata`) VALUES('1018', 'wire--modules--fieldtype--fieldtyperepeater--fieldtypefieldsetpage-module.json', '75', '', '2021-03-01 10:55:00', '2021-03-01 10:55:00', '');
INSERT INTO `field_language_files` (`pages_id`, `data`, `sort`, `description`, `modified`, `created`, `filedata`) VALUES('1018', 'wire--modules--fieldtype--fieldtyperepeater--fieldtyperepeater-module.json', '76', '', '2021-03-01 10:55:00', '2021-03-01 10:55:00', '');
INSERT INTO `field_language_files` (`pages_id`, `data`, `sort`, `description`, `modified`, `created`, `filedata`) VALUES('1018', 'wire--modules--fieldtype--fieldtyperepeater--inputfieldrepeater-module.json', '77', '', '2021-03-01 10:55:00', '2021-03-01 10:55:00', '');
INSERT INTO `field_language_files` (`pages_id`, `data`, `sort`, `description`, `modified`, `created`, `filedata`) VALUES('1018', 'wire--modules--fieldtype--fieldtypeselector-module.json', '78', '', '2021-03-01 10:55:00', '2021-03-01 10:55:00', '');
INSERT INTO `field_language_files` (`pages_id`, `data`, `sort`, `description`, `modified`, `created`, `filedata`) VALUES('1018', 'wire--modules--fieldtype--fieldtypetext-module.json', '79', '', '2021-03-01 10:55:00', '2021-03-01 10:55:00', '');
INSERT INTO `field_language_files` (`pages_id`, `data`, `sort`, `description`, `modified`, `created`, `filedata`) VALUES('1018', 'wire--modules--fieldtype--fieldtypetextareahelper-php.json', '80', '', '2021-03-01 10:55:00', '2021-03-01 10:55:00', '');
INSERT INTO `field_language_files` (`pages_id`, `data`, `sort`, `description`, `modified`, `created`, `filedata`) VALUES('1018', 'wire--modules--fieldtype--fieldtypetoggle-module.json', '81', '', '2021-03-01 10:55:00', '2021-03-01 10:55:00', '');
INSERT INTO `field_language_files` (`pages_id`, `data`, `sort`, `description`, `modified`, `created`, `filedata`) VALUES('1018', 'wire--modules--fieldtype--fieldtypeurl-module.json', '82', '', '2021-03-01 10:55:00', '2021-03-01 10:55:00', '');
INSERT INTO `field_language_files` (`pages_id`, `data`, `sort`, `description`, `modified`, `created`, `filedata`) VALUES('1018', 'wire--modules--filecompilertags-module.json', '83', '', '2021-03-01 10:55:00', '2021-03-01 10:55:00', '');
INSERT INTO `field_language_files` (`pages_id`, `data`, `sort`, `description`, `modified`, `created`, `filedata`) VALUES('1018', 'wire--modules--image--imagesizerengineanimatedgif--imagesizerengineanimatedgif-module.json', '84', '', '2021-03-01 10:55:00', '2021-03-01 10:55:00', '');
INSERT INTO `field_language_files` (`pages_id`, `data`, `sort`, `description`, `modified`, `created`, `filedata`) VALUES('1018', 'wire--modules--image--imagesizerengineimagick--imagesizerengineimagick-module.json', '85', '', '2021-03-01 10:55:00', '2021-03-01 10:55:00', '');
INSERT INTO `field_language_files` (`pages_id`, `data`, `sort`, `description`, `modified`, `created`, `filedata`) VALUES('1018', 'wire--modules--inputfield--inputfieldasmselect--inputfieldasmselect-module.json', '86', '', '2021-03-01 10:55:00', '2021-03-01 10:55:00', '');
INSERT INTO `field_language_files` (`pages_id`, `data`, `sort`, `description`, `modified`, `created`, `filedata`) VALUES('1018', 'wire--modules--inputfield--inputfieldbutton-module.json', '87', '', '2021-03-01 10:55:00', '2021-03-01 10:55:00', '');
INSERT INTO `field_language_files` (`pages_id`, `data`, `sort`, `description`, `modified`, `created`, `filedata`) VALUES('1018', 'wire--modules--inputfield--inputfieldcheckbox-module.json', '88', '', '2021-03-01 10:55:00', '2021-03-01 10:55:00', '');
INSERT INTO `field_language_files` (`pages_id`, `data`, `sort`, `description`, `modified`, `created`, `filedata`) VALUES('1018', 'wire--modules--inputfield--inputfieldcheckboxes--inputfieldcheckboxes-module.json', '89', '', '2021-03-01 10:55:00', '2021-03-01 10:55:00', '');
INSERT INTO `field_language_files` (`pages_id`, `data`, `sort`, `description`, `modified`, `created`, `filedata`) VALUES('1018', 'wire--modules--inputfield--inputfieldckeditor--inputfieldckeditor-module.json', '90', '', '2021-03-01 10:55:00', '2021-03-01 10:55:00', '');
INSERT INTO `field_language_files` (`pages_id`, `data`, `sort`, `description`, `modified`, `created`, `filedata`) VALUES('1018', 'wire--modules--inputfield--inputfielddatetime--inputfielddatetime-module.json', '91', '', '2021-03-01 10:55:00', '2021-03-01 10:55:00', '');
INSERT INTO `field_language_files` (`pages_id`, `data`, `sort`, `description`, `modified`, `created`, `filedata`) VALUES('1018', 'wire--modules--inputfield--inputfieldemail-module.json', '92', '', '2021-03-01 10:55:00', '2021-03-01 10:55:00', '');
INSERT INTO `field_language_files` (`pages_id`, `data`, `sort`, `description`, `modified`, `created`, `filedata`) VALUES('1018', 'wire--modules--inputfield--inputfieldfieldset-module.json', '93', '', '2021-03-01 10:55:00', '2021-03-01 10:55:00', '');
INSERT INTO `field_language_files` (`pages_id`, `data`, `sort`, `description`, `modified`, `created`, `filedata`) VALUES('1018', 'wire--modules--inputfield--inputfieldfile--inputfieldfile-module.json', '94', '', '2021-03-01 10:55:00', '2021-03-01 10:55:00', '');
INSERT INTO `field_language_files` (`pages_id`, `data`, `sort`, `description`, `modified`, `created`, `filedata`) VALUES('1018', 'wire--modules--inputfield--inputfieldfloat-module.json', '95', '', '2021-03-01 10:55:00', '2021-03-01 10:55:00', '');
INSERT INTO `field_language_files` (`pages_id`, `data`, `sort`, `description`, `modified`, `created`, `filedata`) VALUES('1018', 'wire--modules--inputfield--inputfieldform-module.json', '96', '', '2021-03-01 10:55:00', '2021-03-01 10:55:00', '');
INSERT INTO `field_language_files` (`pages_id`, `data`, `sort`, `description`, `modified`, `created`, `filedata`) VALUES('1018', 'wire--modules--inputfield--inputfieldhidden-module.json', '97', '', '2021-03-01 10:55:00', '2021-03-01 10:55:00', '');
INSERT INTO `field_language_files` (`pages_id`, `data`, `sort`, `description`, `modified`, `created`, `filedata`) VALUES('1018', 'wire--modules--inputfield--inputfieldicon--inputfieldicon-module.json', '98', '', '2021-03-01 10:55:00', '2021-03-01 10:55:00', '');
INSERT INTO `field_language_files` (`pages_id`, `data`, `sort`, `description`, `modified`, `created`, `filedata`) VALUES('1018', 'wire--modules--inputfield--inputfieldimage--inputfieldimage-module.json', '99', '', '2021-03-01 10:55:00', '2021-03-01 10:55:00', '');
INSERT INTO `field_language_files` (`pages_id`, `data`, `sort`, `description`, `modified`, `created`, `filedata`) VALUES('1018', 'wire--modules--inputfield--inputfieldinteger-module.json', '100', '', '2021-03-01 10:55:00', '2021-03-01 10:55:00', '');
INSERT INTO `field_language_files` (`pages_id`, `data`, `sort`, `description`, `modified`, `created`, `filedata`) VALUES('1018', 'wire--modules--inputfield--inputfieldmarkup-module.json', '101', '', '2021-03-01 10:55:00', '2021-03-01 10:55:00', '');
INSERT INTO `field_language_files` (`pages_id`, `data`, `sort`, `description`, `modified`, `created`, `filedata`) VALUES('1018', 'wire--modules--inputfield--inputfieldname-module.json', '102', '', '2021-03-01 10:55:00', '2021-03-01 10:55:00', '');
INSERT INTO `field_language_files` (`pages_id`, `data`, `sort`, `description`, `modified`, `created`, `filedata`) VALUES('1018', 'wire--modules--inputfield--inputfieldpage--inputfieldpage-module.json', '103', '', '2021-03-01 10:55:00', '2021-03-01 10:55:00', '');
INSERT INTO `field_language_files` (`pages_id`, `data`, `sort`, `description`, `modified`, `created`, `filedata`) VALUES('1018', 'wire--modules--inputfield--inputfieldpageautocomplete--inputfieldpageautocomplete-module.json', '104', '', '2021-03-01 10:55:00', '2021-03-01 10:55:00', '');
INSERT INTO `field_language_files` (`pages_id`, `data`, `sort`, `description`, `modified`, `created`, `filedata`) VALUES('1018', 'wire--modules--inputfield--inputfieldpagelistselect--inputfieldpagelistselect-module.json', '105', '', '2021-03-01 10:55:00', '2021-03-01 10:55:00', '');
INSERT INTO `field_language_files` (`pages_id`, `data`, `sort`, `description`, `modified`, `created`, `filedata`) VALUES('1018', 'wire--modules--inputfield--inputfieldpagelistselect--inputfieldpagelistselectmultiple-module.json', '106', '', '2021-03-01 10:55:00', '2021-03-01 10:55:00', '');
INSERT INTO `field_language_files` (`pages_id`, `data`, `sort`, `description`, `modified`, `created`, `filedata`) VALUES('1018', 'wire--modules--inputfield--inputfieldpagename--inputfieldpagename-module.json', '107', '', '2021-03-01 10:55:00', '2021-03-01 10:55:00', '');
INSERT INTO `field_language_files` (`pages_id`, `data`, `sort`, `description`, `modified`, `created`, `filedata`) VALUES('1018', 'wire--modules--inputfield--inputfieldpagetable--inputfieldpagetable-module.json', '108', '', '2021-03-01 10:55:00', '2021-03-01 10:55:00', '');
INSERT INTO `field_language_files` (`pages_id`, `data`, `sort`, `description`, `modified`, `created`, `filedata`) VALUES('1018', 'wire--modules--inputfield--inputfieldpagetable--inputfieldpagetableajax-php.json', '109', '', '2021-03-01 10:55:00', '2021-03-01 10:55:00', '');
INSERT INTO `field_language_files` (`pages_id`, `data`, `sort`, `description`, `modified`, `created`, `filedata`) VALUES('1018', 'wire--modules--inputfield--inputfieldpagetitle--inputfieldpagetitle-module.json', '110', '', '2021-03-01 10:55:00', '2021-03-01 10:55:00', '');
INSERT INTO `field_language_files` (`pages_id`, `data`, `sort`, `description`, `modified`, `created`, `filedata`) VALUES('1018', 'wire--modules--inputfield--inputfieldpassword--inputfieldpassword-module.json', '111', '', '2021-03-01 10:55:00', '2021-03-01 10:55:00', '');
INSERT INTO `field_language_files` (`pages_id`, `data`, `sort`, `description`, `modified`, `created`, `filedata`) VALUES('1018', 'wire--modules--inputfield--inputfieldradios--inputfieldradios-module.json', '112', '', '2021-03-01 10:55:00', '2021-03-01 10:55:00', '');
INSERT INTO `field_language_files` (`pages_id`, `data`, `sort`, `description`, `modified`, `created`, `filedata`) VALUES('1018', 'wire--modules--inputfield--inputfieldselect-module.json', '113', '', '2021-03-01 10:55:00', '2021-03-01 10:55:00', '');
INSERT INTO `field_language_files` (`pages_id`, `data`, `sort`, `description`, `modified`, `created`, `filedata`) VALUES('1018', 'wire--modules--inputfield--inputfieldselectmultiple-module.json', '114', '', '2021-03-01 10:55:00', '2021-03-01 10:55:00', '');
INSERT INTO `field_language_files` (`pages_id`, `data`, `sort`, `description`, `modified`, `created`, `filedata`) VALUES('1018', 'wire--modules--inputfield--inputfieldselector--inputfieldselector-module.json', '115', '', '2021-03-01 10:55:00', '2021-03-01 10:55:00', '');
INSERT INTO `field_language_files` (`pages_id`, `data`, `sort`, `description`, `modified`, `created`, `filedata`) VALUES('1018', 'wire--modules--inputfield--inputfieldsubmit--inputfieldsubmit-module.json', '116', '', '2021-03-01 10:55:00', '2021-03-01 10:55:00', '');
INSERT INTO `field_language_files` (`pages_id`, `data`, `sort`, `description`, `modified`, `created`, `filedata`) VALUES('1018', 'wire--modules--inputfield--inputfieldtext-module.json', '117', '', '2021-03-01 10:55:00', '2021-03-01 10:55:00', '');
INSERT INTO `field_language_files` (`pages_id`, `data`, `sort`, `description`, `modified`, `created`, `filedata`) VALUES('1018', 'wire--modules--inputfield--inputfieldtextarea-module.json', '118', '', '2021-03-01 10:55:00', '2021-03-01 10:55:00', '');
INSERT INTO `field_language_files` (`pages_id`, `data`, `sort`, `description`, `modified`, `created`, `filedata`) VALUES('1018', 'wire--modules--inputfield--inputfieldtoggle--inputfieldtoggle-module.json', '119', '', '2021-03-01 10:55:00', '2021-03-01 10:55:00', '');
INSERT INTO `field_language_files` (`pages_id`, `data`, `sort`, `description`, `modified`, `created`, `filedata`) VALUES('1018', 'wire--modules--inputfield--inputfieldurl-module.json', '120', '', '2021-03-01 10:55:00', '2021-03-01 10:55:00', '');
INSERT INTO `field_language_files` (`pages_id`, `data`, `sort`, `description`, `modified`, `created`, `filedata`) VALUES('1018', 'wire--modules--jquery--jqueryui--jqueryui-module.json', '121', '', '2021-03-01 10:55:00', '2021-03-01 10:55:00', '');
INSERT INTO `field_language_files` (`pages_id`, `data`, `sort`, `description`, `modified`, `created`, `filedata`) VALUES('1018', 'wire--modules--jquery--jquerywiretabs--jquerywiretabs-module.json', '122', '', '2021-03-01 10:55:00', '2021-03-01 10:55:00', '');
INSERT INTO `field_language_files` (`pages_id`, `data`, `sort`, `description`, `modified`, `created`, `filedata`) VALUES('1018', 'wire--modules--languagesupport--languageparser-php.json', '123', '', '2021-03-01 10:55:00', '2021-03-01 10:55:00', '');
INSERT INTO `field_language_files` (`pages_id`, `data`, `sort`, `description`, `modified`, `created`, `filedata`) VALUES('1018', 'wire--modules--languagesupport--languagesupport-module.json', '124', '', '2021-03-01 10:55:00', '2021-03-01 10:55:00', '');
INSERT INTO `field_language_files` (`pages_id`, `data`, `sort`, `description`, `modified`, `created`, `filedata`) VALUES('1018', 'wire--modules--languagesupport--languagesupportfields-module.json', '125', '', '2021-03-01 10:55:00', '2021-03-01 10:55:00', '');
INSERT INTO `field_language_files` (`pages_id`, `data`, `sort`, `description`, `modified`, `created`, `filedata`) VALUES('1018', 'wire--modules--languagesupport--languagesupportinstall-php.json', '126', '', '2021-03-01 10:55:00', '2021-03-01 10:55:00', '');
INSERT INTO `field_language_files` (`pages_id`, `data`, `sort`, `description`, `modified`, `created`, `filedata`) VALUES('1018', 'wire--modules--languagesupport--languagesupportpagenames-module.json', '127', '', '2021-03-01 10:55:00', '2021-03-01 10:55:00', '');
INSERT INTO `field_language_files` (`pages_id`, `data`, `sort`, `description`, `modified`, `created`, `filedata`) VALUES('1018', 'wire--modules--languagesupport--languagetabs-module.json', '128', '', '2021-03-01 10:55:00', '2021-03-01 10:55:00', '');
INSERT INTO `field_language_files` (`pages_id`, `data`, `sort`, `description`, `modified`, `created`, `filedata`) VALUES('1018', 'wire--modules--languagesupport--languagetranslator-php.json', '129', '', '2021-03-01 10:55:00', '2021-03-01 10:55:00', '');
INSERT INTO `field_language_files` (`pages_id`, `data`, `sort`, `description`, `modified`, `created`, `filedata`) VALUES('1018', 'wire--modules--languagesupport--processlanguage-module.json', '130', '', '2021-03-01 10:55:00', '2021-03-01 10:55:00', '');
INSERT INTO `field_language_files` (`pages_id`, `data`, `sort`, `description`, `modified`, `created`, `filedata`) VALUES('1018', 'wire--modules--markup--markuppagefields-module.json', '131', '', '2021-03-01 10:55:00', '2021-03-01 10:55:00', '');
INSERT INTO `field_language_files` (`pages_id`, `data`, `sort`, `description`, `modified`, `created`, `filedata`) VALUES('1018', 'wire--modules--markup--markuppagernav--markuppagernav-module.json', '132', '', '2021-03-01 10:55:00', '2021-03-01 10:55:00', '');
INSERT INTO `field_language_files` (`pages_id`, `data`, `sort`, `description`, `modified`, `created`, `filedata`) VALUES('1018', 'wire--modules--page--pagefrontedit--pagefrontedit-module.json', '133', '', '2021-03-01 10:55:00', '2021-03-01 10:55:00', '');
INSERT INTO `field_language_files` (`pages_id`, `data`, `sort`, `description`, `modified`, `created`, `filedata`) VALUES('1018', 'wire--modules--page--pagefrontedit--pagefronteditconfig-php.json', '134', '', '2021-03-01 10:55:00', '2021-03-01 10:55:00', '');
INSERT INTO `field_language_files` (`pages_id`, `data`, `sort`, `description`, `modified`, `created`, `filedata`) VALUES('1018', 'wire--modules--pagepathhistory-module.json', '135', '', '2021-03-01 10:55:00', '2021-03-01 10:55:00', '');
INSERT INTO `field_language_files` (`pages_id`, `data`, `sort`, `description`, `modified`, `created`, `filedata`) VALUES('1018', 'wire--modules--pagepaths-module.json', '136', '', '2021-03-01 10:55:00', '2021-03-01 10:55:00', '');
INSERT INTO `field_language_files` (`pages_id`, `data`, `sort`, `description`, `modified`, `created`, `filedata`) VALUES('1018', 'wire--modules--pagerender-module.json', '137', '', '2021-03-01 10:55:00', '2021-03-01 10:55:00', '');
INSERT INTO `field_language_files` (`pages_id`, `data`, `sort`, `description`, `modified`, `created`, `filedata`) VALUES('1018', 'wire--modules--process--processcommentsmanager--processcommentsmanager-module.json', '138', '', '2021-03-01 10:55:00', '2021-03-01 10:55:00', '');
INSERT INTO `field_language_files` (`pages_id`, `data`, `sort`, `description`, `modified`, `created`, `filedata`) VALUES('1018', 'wire--modules--process--processfield--processfield-module.json', '139', '', '2021-03-01 10:55:00', '2021-03-01 10:55:00', '');
INSERT INTO `field_language_files` (`pages_id`, `data`, `sort`, `description`, `modified`, `created`, `filedata`) VALUES('1018', 'wire--modules--process--processfield--processfieldexportimport-php.json', '140', '', '2021-03-01 10:55:00', '2021-03-01 10:55:00', '');
INSERT INTO `field_language_files` (`pages_id`, `data`, `sort`, `description`, `modified`, `created`, `filedata`) VALUES('1018', 'wire--modules--process--processforgotpassword-module.json', '141', '', '2021-03-01 10:55:00', '2021-03-01 10:55:00', '');
INSERT INTO `field_language_files` (`pages_id`, `data`, `sort`, `description`, `modified`, `created`, `filedata`) VALUES('1018', 'wire--modules--process--processhome-module.json', '142', '', '2021-03-01 10:55:00', '2021-03-01 10:55:00', '');
INSERT INTO `field_language_files` (`pages_id`, `data`, `sort`, `description`, `modified`, `created`, `filedata`) VALUES('1018', 'wire--modules--process--processlist-module.json', '143', '', '2021-03-01 10:55:00', '2021-03-01 10:55:00', '');
INSERT INTO `field_language_files` (`pages_id`, `data`, `sort`, `description`, `modified`, `created`, `filedata`) VALUES('1018', 'wire--modules--process--processlogger--processlogger-module.json', '144', '', '2021-03-01 10:55:00', '2021-03-01 10:55:00', '');
INSERT INTO `field_language_files` (`pages_id`, `data`, `sort`, `description`, `modified`, `created`, `filedata`) VALUES('1018', 'wire--modules--process--processlogin--processlogin-module.json', '145', '', '2021-03-01 10:55:00', '2021-03-01 10:55:00', '');
INSERT INTO `field_language_files` (`pages_id`, `data`, `sort`, `description`, `modified`, `created`, `filedata`) VALUES('1018', 'wire--modules--process--processmodule--processmodule-module.json', '146', '', '2021-03-01 10:55:00', '2021-03-01 10:55:00', '');
INSERT INTO `field_language_files` (`pages_id`, `data`, `sort`, `description`, `modified`, `created`, `filedata`) VALUES('1018', 'wire--modules--process--processmodule--processmoduleinstall-php.json', '147', '', '2021-03-01 10:55:00', '2021-03-01 10:55:00', '');
INSERT INTO `field_language_files` (`pages_id`, `data`, `sort`, `description`, `modified`, `created`, `filedata`) VALUES('1018', 'wire--modules--process--processpageadd--processpageadd-module.json', '148', '', '2021-03-01 10:55:00', '2021-03-01 10:55:00', '');
INSERT INTO `field_language_files` (`pages_id`, `data`, `sort`, `description`, `modified`, `created`, `filedata`) VALUES('1018', 'wire--modules--process--processpageclone-module.json', '149', '', '2021-03-01 10:55:00', '2021-03-01 10:55:00', '');
INSERT INTO `field_language_files` (`pages_id`, `data`, `sort`, `description`, `modified`, `created`, `filedata`) VALUES('1018', 'wire--modules--process--processpageedit--pagebookmarks-php.json', '150', '', '2021-03-01 10:55:00', '2021-03-01 10:55:00', '');
INSERT INTO `field_language_files` (`pages_id`, `data`, `sort`, `description`, `modified`, `created`, `filedata`) VALUES('1018', 'wire--modules--process--processpageedit--processpageedit-module.json', '151', '', '2021-03-01 10:55:00', '2021-03-01 10:55:00', '');
INSERT INTO `field_language_files` (`pages_id`, `data`, `sort`, `description`, `modified`, `created`, `filedata`) VALUES('1018', 'wire--modules--process--processpageeditimageselect--processpageeditimageselect-module.json', '152', '', '2021-03-01 10:55:00', '2021-03-01 10:55:00', '');
INSERT INTO `field_language_files` (`pages_id`, `data`, `sort`, `description`, `modified`, `created`, `filedata`) VALUES('1018', 'wire--modules--process--processpageeditlink--processpageeditlink-module.json', '153', '', '2021-03-01 10:55:00', '2021-03-01 10:55:00', '');
INSERT INTO `field_language_files` (`pages_id`, `data`, `sort`, `description`, `modified`, `created`, `filedata`) VALUES('1018', 'wire--modules--process--processpagelist--processpagelist-module.json', '154', '', '2021-03-01 10:55:00', '2021-03-01 10:55:00', '');
INSERT INTO `field_language_files` (`pages_id`, `data`, `sort`, `description`, `modified`, `created`, `filedata`) VALUES('1018', 'wire--modules--process--processpagelist--processpagelistactions-php.json', '155', '', '2021-03-01 10:55:00', '2021-03-01 10:55:00', '');
INSERT INTO `field_language_files` (`pages_id`, `data`, `sort`, `description`, `modified`, `created`, `filedata`) VALUES('1018', 'wire--modules--process--processpagelist--processpagelistrender-php.json', '156', '', '2021-03-01 10:55:00', '2021-03-01 10:55:00', '');
INSERT INTO `field_language_files` (`pages_id`, `data`, `sort`, `description`, `modified`, `created`, `filedata`) VALUES('1018', 'wire--modules--process--processpagelist--processpagelistrenderjson-php.json', '157', '', '2021-03-01 10:55:00', '2021-03-01 10:55:00', '');
INSERT INTO `field_language_files` (`pages_id`, `data`, `sort`, `description`, `modified`, `created`, `filedata`) VALUES('1018', 'wire--modules--process--processpagelister--processpagelister-module.json', '158', '', '2021-03-01 10:55:00', '2021-03-01 10:55:00', '');
INSERT INTO `field_language_files` (`pages_id`, `data`, `sort`, `description`, `modified`, `created`, `filedata`) VALUES('1018', 'wire--modules--process--processpagelister--processpagelisterbookmarks-php.json', '159', '', '2021-03-01 10:55:00', '2021-03-01 10:55:00', '');
INSERT INTO `field_language_files` (`pages_id`, `data`, `sort`, `description`, `modified`, `created`, `filedata`) VALUES('1018', 'wire--modules--process--processpagesearch--processpagesearch-module.json', '160', '', '2021-03-01 10:55:00', '2021-03-01 10:55:00', '');
INSERT INTO `field_language_files` (`pages_id`, `data`, `sort`, `description`, `modified`, `created`, `filedata`) VALUES('1018', 'wire--modules--process--processpagesearch--processpagesearchlive-php.json', '161', '', '2021-03-01 10:55:00', '2021-03-01 10:55:00', '');
INSERT INTO `field_language_files` (`pages_id`, `data`, `sort`, `description`, `modified`, `created`, `filedata`) VALUES('1018', 'wire--modules--process--processpagesexportimport--processpagesexportimport-module.json', '162', '', '2021-03-01 10:55:00', '2021-03-01 10:55:00', '');
INSERT INTO `field_language_files` (`pages_id`, `data`, `sort`, `description`, `modified`, `created`, `filedata`) VALUES('1018', 'wire--modules--process--processpagesort-module.json', '163', '', '2021-03-01 10:55:00', '2021-03-01 10:55:00', '');
INSERT INTO `field_language_files` (`pages_id`, `data`, `sort`, `description`, `modified`, `created`, `filedata`) VALUES('1018', 'wire--modules--process--processpagetrash-module.json', '164', '', '2021-03-01 10:55:00', '2021-03-01 10:55:00', '');
INSERT INTO `field_language_files` (`pages_id`, `data`, `sort`, `description`, `modified`, `created`, `filedata`) VALUES('1018', 'wire--modules--process--processpagetype--processpagetype-module.json', '165', '', '2021-03-01 10:55:00', '2021-03-01 10:55:00', '');
INSERT INTO `field_language_files` (`pages_id`, `data`, `sort`, `description`, `modified`, `created`, `filedata`) VALUES('1018', 'wire--modules--process--processpageview-module.json', '166', '', '2021-03-01 10:55:00', '2021-03-01 10:55:00', '');
INSERT INTO `field_language_files` (`pages_id`, `data`, `sort`, `description`, `modified`, `created`, `filedata`) VALUES('1018', 'wire--modules--process--processpermission--processpermission-module.json', '167', '', '2021-03-01 10:55:00', '2021-03-01 10:55:00', '');
INSERT INTO `field_language_files` (`pages_id`, `data`, `sort`, `description`, `modified`, `created`, `filedata`) VALUES('1018', 'wire--modules--process--processprofile--processprofile-module.json', '168', '', '2021-03-01 10:55:00', '2021-03-01 10:55:00', '');
INSERT INTO `field_language_files` (`pages_id`, `data`, `sort`, `description`, `modified`, `created`, `filedata`) VALUES('1018', 'wire--modules--process--processrecentpages--processrecentpages-module.json', '169', '', '2021-03-01 10:55:00', '2021-03-01 10:55:00', '');
INSERT INTO `field_language_files` (`pages_id`, `data`, `sort`, `description`, `modified`, `created`, `filedata`) VALUES('1018', 'wire--modules--process--processrole--processrole-module.json', '170', '', '2021-03-01 10:55:00', '2021-03-01 10:55:00', '');
INSERT INTO `field_language_files` (`pages_id`, `data`, `sort`, `description`, `modified`, `created`, `filedata`) VALUES('1018', 'wire--modules--process--processtemplate--processtemplate-module.json', '171', '', '2021-03-01 10:55:00', '2021-03-01 10:55:00', '');
INSERT INTO `field_language_files` (`pages_id`, `data`, `sort`, `description`, `modified`, `created`, `filedata`) VALUES('1018', 'wire--modules--process--processtemplate--processtemplateexportimport-php.json', '172', '', '2021-03-01 10:55:00', '2021-03-01 10:55:00', '');
INSERT INTO `field_language_files` (`pages_id`, `data`, `sort`, `description`, `modified`, `created`, `filedata`) VALUES('1018', 'wire--modules--process--processuser--processuser-module.json', '173', '', '2021-03-01 10:55:00', '2021-03-01 10:55:00', '');
INSERT INTO `field_language_files` (`pages_id`, `data`, `sort`, `description`, `modified`, `created`, `filedata`) VALUES('1018', 'wire--modules--process--processuser--processuserconfig-php.json', '174', '', '2021-03-01 10:55:00', '2021-03-01 10:55:00', '');
INSERT INTO `field_language_files` (`pages_id`, `data`, `sort`, `description`, `modified`, `created`, `filedata`) VALUES('1018', 'wire--modules--session--sessionhandlerdb--processsessiondb-module.json', '175', '', '2021-03-01 10:55:00', '2021-03-01 10:55:00', '');
INSERT INTO `field_language_files` (`pages_id`, `data`, `sort`, `description`, `modified`, `created`, `filedata`) VALUES('1018', 'wire--modules--session--sessionhandlerdb--sessionhandlerdb-module.json', '176', '', '2021-03-01 10:55:00', '2021-03-01 10:55:00', '');
INSERT INTO `field_language_files` (`pages_id`, `data`, `sort`, `description`, `modified`, `created`, `filedata`) VALUES('1018', 'wire--modules--session--sessionloginthrottle--sessionloginthrottle-module.json', '177', '', '2021-03-01 10:55:00', '2021-03-01 10:55:00', '');
INSERT INTO `field_language_files` (`pages_id`, `data`, `sort`, `description`, `modified`, `created`, `filedata`) VALUES('1018', 'wire--modules--system--systemnotifications--systemnotifications-module.json', '178', '', '2021-03-01 10:55:00', '2021-03-01 10:55:00', '');
INSERT INTO `field_language_files` (`pages_id`, `data`, `sort`, `description`, `modified`, `created`, `filedata`) VALUES('1018', 'wire--modules--system--systemnotifications--systemnotificationsconfig-php.json', '179', '', '2021-03-01 10:55:00', '2021-03-01 10:55:00', '');
INSERT INTO `field_language_files` (`pages_id`, `data`, `sort`, `description`, `modified`, `created`, `filedata`) VALUES('1018', 'wire--modules--system--systemupdater--systemupdater-module.json', '180', '', '2021-03-01 10:55:00', '2021-03-01 10:55:00', '');
INSERT INTO `field_language_files` (`pages_id`, `data`, `sort`, `description`, `modified`, `created`, `filedata`) VALUES('1018', 'wire--modules--system--systemupdater--systemupdaterchecks-php.json', '181', '', '2021-03-01 10:55:00', '2021-03-01 10:55:00', '');
INSERT INTO `field_language_files` (`pages_id`, `data`, `sort`, `description`, `modified`, `created`, `filedata`) VALUES('1018', 'wire--modules--textformatter--textformatterentities-module.json', '182', '', '2021-03-01 10:55:00', '2021-03-01 10:55:00', '');
INSERT INTO `field_language_files` (`pages_id`, `data`, `sort`, `description`, `modified`, `created`, `filedata`) VALUES('1018', 'wire--modules--textformatter--textformattermarkdownextra--parsedown--parsedown-php.json', '183', '', '2021-03-01 10:55:00', '2021-03-01 10:55:00', '');
INSERT INTO `field_language_files` (`pages_id`, `data`, `sort`, `description`, `modified`, `created`, `filedata`) VALUES('1018', 'wire--modules--textformatter--textformattermarkdownextra--textformattermarkdownextra-module.json', '184', '', '2021-03-01 10:55:00', '2021-03-01 10:55:00', '');
INSERT INTO `field_language_files` (`pages_id`, `data`, `sort`, `description`, `modified`, `created`, `filedata`) VALUES('1018', 'wire--modules--textformatter--textformattersmartypants--textformattersmartypants-module.json', '185', '', '2021-03-01 10:55:00', '2021-03-01 10:55:00', '');
INSERT INTO `field_language_files` (`pages_id`, `data`, `sort`, `description`, `modified`, `created`, `filedata`) VALUES('1018', 'wire--templates-admin--debug-inc.json', '186', '', '2021-03-01 10:55:00', '2021-03-01 10:55:00', '');
INSERT INTO `field_language_files` (`pages_id`, `data`, `sort`, `description`, `modified`, `created`, `filedata`) VALUES('1018', 'wire--templates-admin--default-php.json', '187', '', '2021-03-01 10:55:00', '2021-03-01 10:55:00', '');
INSERT INTO `field_language_files` (`pages_id`, `data`, `sort`, `description`, `modified`, `created`, `filedata`) VALUES('1018', 'wire--templates-admin--topnav-inc.json', '188', '', '2021-03-01 10:55:00', '2021-03-01 10:55:00', '');

DROP TABLE IF EXISTS `field_language_files_site`;
CREATE TABLE `field_language_files_site` (
  `pages_id` int(10) unsigned NOT NULL,
  `data` varchar(250) NOT NULL,
  `sort` int(10) unsigned NOT NULL,
  `description` text NOT NULL,
  `modified` datetime DEFAULT NULL,
  `created` datetime DEFAULT NULL,
  `filedata` mediumtext,
  PRIMARY KEY (`pages_id`,`sort`),
  KEY `data` (`data`),
  KEY `modified` (`modified`),
  KEY `created` (`created`),
  FULLTEXT KEY `description` (`description`),
  FULLTEXT KEY `filedata` (`filedata`)
) ENGINE=MyISAM DEFAULT CHARSET=utf8;


DROP TABLE IF EXISTS `field_link`;
CREATE TABLE `field_link` (
  `pages_id` int(10) unsigned NOT NULL,
  `data` text NOT NULL,
  PRIMARY KEY (`pages_id`),
  KEY `data_exact` (`data`(250)),
  FULLTEXT KEY `data` (`data`)
) ENGINE=MyISAM DEFAULT CHARSET=utf8;

INSERT INTO `field_link` (`pages_id`, `data`) VALUES('1021', 'https://www.primmat.cz/o-skole/studijni-obory/cestovni-ruch/');
INSERT INTO `field_link` (`pages_id`, `data`) VALUES('1022', 'https://www.primmat.cz/o-skole/studijni-obory/pozemni-stavitelstvi/');
INSERT INTO `field_link` (`pages_id`, `data`) VALUES('1023', 'https://www.primmat.cz/o-skole/studijni-obory/internetove-sluzby/');

DROP TABLE IF EXISTS `field_map`;
CREATE TABLE `field_map` (
  `pages_id` int(10) unsigned NOT NULL,
  `data` text NOT NULL,
  PRIMARY KEY (`pages_id`),
  KEY `data_exact` (`data`(250)),
  FULLTEXT KEY `data` (`data`)
) ENGINE=MyISAM DEFAULT CHARSET=utf8;

INSERT INTO `field_map` (`pages_id`, `data`) VALUES('1093', 'https://www.google.com/maps/embed?pb=!1m14!1m8!1m3!1d10327.720898997502!2d18.33935!3d49.674453!3m2!1i1024!2i768!4f13.1!3m3!1m2!1s0x4713f727048fbb41%3A0xfdcd1a0f34cdd16e!2zxIxlc2tvc2xvdmVuc2vDqSBhcm3DoWR5IDQ4MiwgTcOtc3RlaywgNzM4IDAxIEZyw71kZWstTcOtc3RlaywgxIxlc2vDoSByZXB1Ymxpa2E!5e0!3m2!1scs!2sus!4v1474792992269');

DROP TABLE IF EXISTS `field_mottoskoly`;
CREATE TABLE `field_mottoskoly` (
  `pages_id` int(10) unsigned NOT NULL,
  `data` text NOT NULL,
  PRIMARY KEY (`pages_id`),
  KEY `data_exact` (`data`(250)),
  FULLTEXT KEY `data` (`data`)
) ENGINE=MyISAM DEFAULT CHARSET=utf8;

INSERT INTO `field_mottoskoly` (`pages_id`, `data`) VALUES('1', 'Rodinn atmosfra, individuln pstup, kvalitn vuka. Nronost a vstcnost od roku 1992.');

DROP TABLE IF EXISTS `field_pass`;
CREATE TABLE `field_pass` (
  `pages_id` int(10) unsigned NOT NULL,
  `data` char(40) NOT NULL,
  `salt` char(32) NOT NULL,
  PRIMARY KEY (`pages_id`),
  KEY `data` (`data`)
) ENGINE=MyISAM DEFAULT CHARSET=ascii;

DROP TABLE IF EXISTS `field_permissions`;
CREATE TABLE `field_permissions` (
  `pages_id` int(10) unsigned NOT NULL,
  `data` int(11) NOT NULL,
  `sort` int(10) unsigned NOT NULL,
  PRIMARY KEY (`pages_id`,`sort`),
  KEY `data` (`data`,`pages_id`,`sort`)
) ENGINE=MyISAM DEFAULT CHARSET=utf8;

DROP TABLE IF EXISTS `field_postimage`;
CREATE TABLE `field_postimage` (
  `pages_id` int(10) unsigned NOT NULL,
  `data` varchar(250) NOT NULL,
  `sort` int(10) unsigned NOT NULL,
  `description` text NOT NULL,
  `modified` datetime DEFAULT NULL,
  `created` datetime DEFAULT NULL,
  `filedata` mediumtext,
  PRIMARY KEY (`pages_id`,`sort`),
  KEY `data` (`data`),
  KEY `modified` (`modified`),
  KEY `created` (`created`),
  FULLTEXT KEY `description` (`description`),
  FULLTEXT KEY `filedata` (`filedata`)
) ENGINE=MyISAM DEFAULT CHARSET=utf8;

INSERT INTO `field_postimage` (`pages_id`, `data`, `sort`, `description`, `modified`, `created`, `filedata`) VALUES('1031', '49_primmat_foto_eva_plutova-1.jpg', '0', '', '2021-03-05 12:49:38', '2021-03-05 12:49:38', '');
INSERT INTO `field_postimage` (`pages_id`, `data`, `sort`, `description`, `modified`, `created`, `filedata`) VALUES('1030', 'snimek_obrazovky_2021-03-07_v_11_32_46.png', '0', '', '2021-03-07 11:33:18', '2021-03-07 11:33:18', '');
INSERT INTO `field_postimage` (`pages_id`, `data`, `sort`, `description`, `modified`, `created`, `filedata`) VALUES('1033', 'snimek_obrazovky_2021-03-07_v_11_32_46.png', '0', '', '2021-03-07 11:34:04', '2021-03-07 11:34:04', '');

DROP TABLE IF EXISTS `field_pracovnik`;
CREATE TABLE `field_pracovnik` (
  `pages_id` int(10) unsigned NOT NULL,
  `data` int(10) unsigned NOT NULL,
  `sort` int(10) unsigned NOT NULL,
  PRIMARY KEY (`pages_id`,`sort`),
  KEY `data` (`data`)
) ENGINE=MyISAM DEFAULT CHARSET=utf8;

INSERT INTO `field_pracovnik` (`pages_id`, `data`, `sort`) VALUES('1051', '1', '0');
INSERT INTO `field_pracovnik` (`pages_id`, `data`, `sort`) VALUES('1052', '2', '0');
INSERT INTO `field_pracovnik` (`pages_id`, `data`, `sort`) VALUES('1053', '1', '0');
INSERT INTO `field_pracovnik` (`pages_id`, `data`, `sort`) VALUES('1054', '1', '0');
INSERT INTO `field_pracovnik` (`pages_id`, `data`, `sort`) VALUES('1055', '1', '0');
INSERT INTO `field_pracovnik` (`pages_id`, `data`, `sort`) VALUES('1056', '1', '0');
INSERT INTO `field_pracovnik` (`pages_id`, `data`, `sort`) VALUES('1057', '1', '0');
INSERT INTO `field_pracovnik` (`pages_id`, `data`, `sort`) VALUES('1058', '1', '0');
INSERT INTO `field_pracovnik` (`pages_id`, `data`, `sort`) VALUES('1059', '1', '0');
INSERT INTO `field_pracovnik` (`pages_id`, `data`, `sort`) VALUES('1060', '1', '0');
INSERT INTO `field_pracovnik` (`pages_id`, `data`, `sort`) VALUES('1061', '1', '0');
INSERT INTO `field_pracovnik` (`pages_id`, `data`, `sort`) VALUES('1062', '1', '0');
INSERT INTO `field_pracovnik` (`pages_id`, `data`, `sort`) VALUES('1063', '1', '0');
INSERT INTO `field_pracovnik` (`pages_id`, `data`, `sort`) VALUES('1064', '1', '0');
INSERT INTO `field_pracovnik` (`pages_id`, `data`, `sort`) VALUES('1065', '1', '0');
INSERT INTO `field_pracovnik` (`pages_id`, `data`, `sort`) VALUES('1066', '1', '0');
INSERT INTO `field_pracovnik` (`pages_id`, `data`, `sort`) VALUES('1067', '1', '0');
INSERT INTO `field_pracovnik` (`pages_id`, `data`, `sort`) VALUES('1068', '1', '0');
INSERT INTO `field_pracovnik` (`pages_id`, `data`, `sort`) VALUES('1069', '2', '0');
INSERT INTO `field_pracovnik` (`pages_id`, `data`, `sort`) VALUES('1070', '2', '0');

DROP TABLE IF EXISTS `field_process`;
CREATE TABLE `field_process` (
  `pages_id` int(11) NOT NULL DEFAULT '0',
  `data` int(11) NOT NULL DEFAULT '0',
  PRIMARY KEY (`pages_id`),
  KEY `data` (`data`)
) ENGINE=MyISAM DEFAULT CHARSET=utf8;

INSERT INTO `field_process` (`pages_id`, `data`) VALUES('6', '17');
INSERT INTO `field_process` (`pages_id`, `data`) VALUES('3', '12');
INSERT INTO `field_process` (`pages_id`, `data`) VALUES('8', '12');
INSERT INTO `field_process` (`pages_id`, `data`) VALUES('9', '14');
INSERT INTO `field_process` (`pages_id`, `data`) VALUES('10', '7');
INSERT INTO `field_process` (`pages_id`, `data`) VALUES('11', '47');
INSERT INTO `field_process` (`pages_id`, `data`) VALUES('16', '48');
INSERT INTO `field_process` (`pages_id`, `data`) VALUES('300', '104');
INSERT INTO `field_process` (`pages_id`, `data`) VALUES('21', '50');
INSERT INTO `field_process` (`pages_id`, `data`) VALUES('29', '66');
INSERT INTO `field_process` (`pages_id`, `data`) VALUES('23', '10');
INSERT INTO `field_process` (`pages_id`, `data`) VALUES('304', '138');
INSERT INTO `field_process` (`pages_id`, `data`) VALUES('31', '136');
INSERT INTO `field_process` (`pages_id`, `data`) VALUES('22', '76');
INSERT INTO `field_process` (`pages_id`, `data`) VALUES('30', '68');
INSERT INTO `field_process` (`pages_id`, `data`) VALUES('303', '129');
INSERT INTO `field_process` (`pages_id`, `data`) VALUES('2', '87');
INSERT INTO `field_process` (`pages_id`, `data`) VALUES('302', '121');
INSERT INTO `field_process` (`pages_id`, `data`) VALUES('301', '109');
INSERT INTO `field_process` (`pages_id`, `data`) VALUES('28', '76');
INSERT INTO `field_process` (`pages_id`, `data`) VALUES('1007', '150');
INSERT INTO `field_process` (`pages_id`, `data`) VALUES('1010', '159');
INSERT INTO `field_process` (`pages_id`, `data`) VALUES('1012', '161');
INSERT INTO `field_process` (`pages_id`, `data`) VALUES('1015', '164');
INSERT INTO `field_process` (`pages_id`, `data`) VALUES('1017', '166');
INSERT INTO `field_process` (`pages_id`, `data`) VALUES('1019', '167');

DROP TABLE IF EXISTS `field_rokabsolventa`;
CREATE TABLE `field_rokabsolventa` (
  `pages_id` int(10) unsigned NOT NULL,
  `data` int(11) NOT NULL,
  PRIMARY KEY (`pages_id`),
  KEY `data` (`data`)
) ENGINE=MyISAM DEFAULT CHARSET=utf8;

INSERT INTO `field_rokabsolventa` (`pages_id`, `data`) VALUES('1025', '2004');
INSERT INTO `field_rokabsolventa` (`pages_id`, `data`) VALUES('1026', '1999');
INSERT INTO `field_rokabsolventa` (`pages_id`, `data`) VALUES('1027', '2000');
INSERT INTO `field_rokabsolventa` (`pages_id`, `data`) VALUES('1028', '2004');
INSERT INTO `field_rokabsolventa` (`pages_id`, `data`) VALUES('1029', '2012');

DROP TABLE IF EXISTS `field_roles`;
CREATE TABLE `field_roles` (
  `pages_id` int(10) unsigned NOT NULL,
  `data` int(11) NOT NULL,
  `sort` int(10) unsigned NOT NULL,
  PRIMARY KEY (`pages_id`,`sort`),
  KEY `data` (`data`,`pages_id`,`sort`)
) ENGINE=MyISAM DEFAULT CHARSET=utf8;

DROP TABLE IF EXISTS `field_secondarytitle`;
CREATE TABLE `field_secondarytitle` (
  `pages_id` int(10) unsigned NOT NULL,
  `data` mediumtext NOT NULL,
  PRIMARY KEY (`pages_id`),
  KEY `data_exact` (`data`(250)),
  FULLTEXT KEY `data` (`data`)
) ENGINE=MyISAM DEFAULT CHARSET=utf8;

INSERT INTO `field_secondarytitle` (`pages_id`, `data`) VALUES('1040', '<p>PrimMat-Soukrom stedn kola podnikatelsk, s.r.o., byla zaazena do st stednch kol od kolnho roku 1992/1993. Jako<strong>prvn soukrom stedn odborn kola zahjila vuku vlastnch studijnch program s netradin vzdlvac npln, kter v regionu chybla</strong>, v souvislosti s nstupem trn ekonomiky.</p>');
INSERT INTO `field_secondarytitle` (`pages_id`, `data`) VALUES('1041', '<p>Clov vize smuje k tomu, aby stedn kola PrimMat byla vnmna veejnost jako<strong>jedinen stedn odborn podnikatelsk kola</strong>s absolventy, kte jsou pnosem pro region.</p>');
INSERT INTO `field_secondarytitle` (`pages_id`, `data`) VALUES('1043', '<p>Kad pedagogick pracovnk m mail ve tvaru<strong>prijmeni@primmat.cz</strong>.</p>');

DROP TABLE IF EXISTS `field_slider`;
CREATE TABLE `field_slider` (
  `pages_id` int(10) unsigned NOT NULL,
  `data` varchar(250) NOT NULL,
  `sort` int(10) unsigned NOT NULL,
  `description` text NOT NULL,
  `modified` datetime DEFAULT NULL,
  `created` datetime DEFAULT NULL,
  `filedata` mediumtext,
  PRIMARY KEY (`pages_id`,`sort`),
  KEY `data` (`data`),
  KEY `modified` (`modified`),
  KEY `created` (`created`),
  FULLTEXT KEY `description` (`description`),
  FULLTEXT KEY `filedata` (`filedata`)
) ENGINE=MyISAM DEFAULT CHARSET=utf8;

INSERT INTO `field_slider` (`pages_id`, `data`, `sort`, `description`, `modified`, `created`, `filedata`) VALUES('1', '28_primmat_foto_eva_plutova.jpg', '2', '', '2021-03-03 12:05:49', '2021-03-03 12:05:49', '');
INSERT INTO `field_slider` (`pages_id`, `data`, `sort`, `description`, `modified`, `created`, `filedata`) VALUES('1', '26_primmat_foto_eva_plutova.jpg', '1', '', '2021-03-03 12:05:49', '2021-03-03 12:05:49', '');
INSERT INTO `field_slider` (`pages_id`, `data`, `sort`, `description`, `modified`, `created`, `filedata`) VALUES('1', '43_primmat_foto_eva_plutova.jpg', '0', '', '2021-03-03 12:05:49', '2021-03-03 12:05:49', '');

DROP TABLE IF EXISTS `field_subjectimage`;
CREATE TABLE `field_subjectimage` (
  `pages_id` int(10) unsigned NOT NULL,
  `data` varchar(250) NOT NULL,
  `sort` int(10) unsigned NOT NULL,
  `description` text NOT NULL,
  `modified` datetime DEFAULT NULL,
  `created` datetime DEFAULT NULL,
  `filedata` mediumtext,
  PRIMARY KEY (`pages_id`,`sort`),
  KEY `data` (`data`),
  KEY `modified` (`modified`),
  KEY `created` (`created`),
  FULLTEXT KEY `description` (`description`),
  FULLTEXT KEY `filedata` (`filedata`)
) ENGINE=MyISAM DEFAULT CHARSET=utf8;

INSERT INTO `field_subjectimage` (`pages_id`, `data`, `sort`, `description`, `modified`, `created`, `filedata`) VALUES('1071', '33_primmat_foto_eva_plutova.jpg', '0', '', '2021-03-12 15:44:05', '2021-03-12 15:44:05', '');
INSERT INTO `field_subjectimage` (`pages_id`, `data`, `sort`, `description`, `modified`, `created`, `filedata`) VALUES('1072', '32_primmat_foto_eva_plutova.jpg', '0', '', '2021-03-12 15:53:38', '2021-03-12 15:53:38', '');
INSERT INTO `field_subjectimage` (`pages_id`, `data`, `sort`, `description`, `modified`, `created`, `filedata`) VALUES('1073', '09_primmat_foto_eva_plutova.jpg', '0', '', '2021-03-12 15:55:38', '2021-03-12 15:55:38', '');

DROP TABLE IF EXISTS `field_text`;
CREATE TABLE `field_text` (
  `pages_id` int(10) unsigned NOT NULL,
  `data` mediumtext NOT NULL,
  PRIMARY KEY (`pages_id`),
  KEY `data_exact` (`data`(250)),
  FULLTEXT KEY `data` (`data`)
) ENGINE=MyISAM DEFAULT CHARSET=utf8;

INSERT INTO `field_text` (`pages_id`, `data`) VALUES('1025', '<p>A jeden vzkaz pro studenty: Ute se jazyky.\" Ne e bych ml momentln s anglitinou pote, ale biji se do hlavy pi vzpomnkch na asnho uitele Ondrka a svou neochotu se cokoli uit. Nepravideln slovesa, kter mi spn vtloukl do hlavy, pouvm velice pravideln a spn.</p>');
INSERT INTO `field_text` (`pages_id`, `data`) VALUES('1026', '<p>etince bych chtla podkovat, hodn mi pomohla, co se te gramatiky. A myslm, e Vai studenti to v budoucnu taky ocen. Hlavn diktty, slohov prce, ty by mli studenti dostvat co dva tdny i jako domc koly. Nen nic horho ne napsat dopis na ady a mt v nm plno chyb.</p>');
INSERT INTO `field_text` (`pages_id`, `data`) VALUES('1027', '<p>Znalosti, kter jsem na tto kole zskala z rznch ekonomickch pedmt a jazyka, se mi v men i vt me podailo a stle da uplatovat v profesnm ivot. A ty znalosti, kter jsem si nechtla osvojit, te horko tko po letech dohnm a zskvm.</p>');
INSERT INTO `field_text` (`pages_id`, `data`) VALUES('1028', '<p>Absolventi gymnzi teba dodnes plavou v etnictv, j jsem pednky ani cvien vbec nemusela navtvovat - tmto bych chtla podkovat pan Lednick! I matematika byla na stedn kole vyuovna dobe. Nejvce mi ale pomohly odborn pedmty vyuovan pan Rykovou.</p>');
INSERT INTO `field_text` (`pages_id`, `data`) VALUES('1029', '<p>Chtla bych podkovat sv bval stedn kole protoe prv ona mi otevela dves miliony monosta otevenou budoucnost. Dkuji!</p>');
INSERT INTO `field_text` (`pages_id`, `data`) VALUES('1030', '<p>Co se u ns na kole odehrlo za posledn dobu</p>');
INSERT INTO `field_text` (`pages_id`, `data`) VALUES('1031', '<p>Pro rok 2020 bychom mohli najt spoustu pvlastk a jednm z nich by urit bylo i to, e a byl velijak, nron, odolnost testujc, ukzal nm, e i ty obyejn vci, kter nm bn nepily vjimen, jsou vzcn. Vidt se s kamardy, rodinou, zajt si do kina nebo na zmrzlinov pohr...<br />\nPejeme vm pedevm zdrav, splnn tch nejtajnjch sn a a si i v dalm roce uchovte pocit neobyejnosti i v tch nejobyejnjch situacch.</p>');
INSERT INTO `field_text` (`pages_id`, `data`) VALUES('1032', '<p>Vnon atmosfrujsme sdleli spolen s projektovmi partnery v Belgii, Turecku, Rumunsku, Bulharsku. Vce na:<a href=\"http://erasprim.eu/\">erasprim.eu</a>.</p>');
INSERT INTO `field_text` (`pages_id`, `data`) VALUES('1037', '<p><a href=\"https://www.youtube.com/watch?v=2gDZJ4j9uZs\">https://www.youtube.com/watch?v=2gDZJ4j9uZs</a></p>\n\n<p>Dne 19. 1. a 28. 1. bude monost se prostednictvm strnek<a href=\"https://veletrh-skol.msk.cz/\">Veletrh-skol.MSK.cz</a>pipojit a online komunikovat s na kolou.</p>');
INSERT INTO `field_text` (`pages_id`, `data`) VALUES('1040', '<p>Odlinost v pojet vzdlvacho programu koly byla a dosud je v dvouprofesnm vzdlvn k a tm i vy me uplatnitelnosti absolvent v praxi.<strong>tylet studijn obor pro absolventy zkladnch kol Ekonomika a podnikn</strong>, 63-41-M/01, nabz zjemcm o studium volbu dalho profesnho zamen.</p>');
INSERT INTO `field_text` (`pages_id`, `data`) VALUES('1041', '<p>Odlien je hodnota, kter ns vymezuje mezi ostatnmi kolami. Nadstandardn vzdlvac servis je podpoen nestresujcm kolnm prostedm a vstcnost pedagog. Ptelsk vztahy mezi ky koly zpjemuj nladu v prbhu studia. Nsledn uplatnitelnost absolvent v profesnm ivot, zvldn V studia a spokojenost v osobnm ivot je vizitkou na koly.</p>');
INSERT INTO `field_text` (`pages_id`, `data`) VALUES('1045', '<p>atraktivn vzdlvac program, nov formy vuky s podporou ICT za elem pestrosti vuky.</p>');
INSERT INTO `field_text` (`pages_id`, `data`) VALUES('1046', '<p>pprava k kvalitn a kultivovan komunikovat, otevenost koly vi km, rodim, i smrem k veejnosti.</p>');
INSERT INTO `field_text` (`pages_id`, `data`) VALUES('1047', '<p>ci i pedagogov realizuj aktivity ve prospch koly, reprezentuj kolu na veejnosti.</p>');
INSERT INTO `field_text` (`pages_id`, `data`) VALUES('1048', '<p>pedagog neu v klasickm smyslu, motivuje ky, vede k porozumn souvislost, aplikaci teoretickch znalost, srozumitelnmu vyjadovn. Organizuje prci k a jejich ppravu tak, aby se uplatnili v profesnm i osobnm ivot.</p>');
INSERT INTO `field_text` (`pages_id`, `data`) VALUES('1049', '<p>je nesluiteln s pedagogickou etikou bt lhostejn k nespchu pijatho ka. Pedagog vol vhodnou motivaci ka a inn prostedky za elem pomoci kovi.</p>');
INSERT INTO `field_text` (`pages_id`, `data`) VALUES('1050', '<p>chovn a vystupovn k vdy v souladu se stanovenmi pravidly S PrimMat, v souladu se zsadami morlnch a mravnch princip.</p>');
INSERT INTO `field_text` (`pages_id`, `data`) VALUES('1051', '<ul><li>editelka koly</li>\n	<li>esk jazyk a literatura</li>\n	<li><a href=\"https://www.primmat.cz/dokumenty/skolni-metodik-prevence.pdf\">koln metodik prevence soc. pat. jev</a>, vchovn poradenstv</li>\n</ul>');
INSERT INTO `field_text` (`pages_id`, `data`) VALUES('1052', '<ul><li>zizovatelka koly</li>\n	<li>jednatelka spolenosti</li>\n	<li>konzultan a poradensk innost</li>\n</ul>');
INSERT INTO `field_text` (`pages_id`, `data`) VALUES('1053', '<ul><li>hotelov provoz, geografie a cestovn ruch, ekonomika</li>\n	<li>tdn uitel P 1.A</li>\n</ul>');
INSERT INTO `field_text` (`pages_id`, `data`) VALUES('1054', '<ul><li>podnikatelstv, aplikovan podnikatelstv, ekonomika, obchodn provoz, projektov zen, bankovnictv</li>\n	<li>tdn uitelka P 3.A</li>\n</ul>');
INSERT INTO `field_text` (`pages_id`, `data`) VALUES('1055', '<ul><li>informan a komunikan technologie, programovn, databzov systmy</li>\n	<li>sprvce VT</li>\n</ul>');
INSERT INTO `field_text` (`pages_id`, `data`) VALUES('1056', '<ul><li>informan a komunikan technologie, programovn, databzov systmy</li>\n	<li>sprvce VT</li>\n</ul>');
INSERT INTO `field_text` (`pages_id`, `data`) VALUES('1057', '<ul><li>etnictv, etnictv na PC, obchodn korespondence</li>\n	<li>tdn uitelka P 2.B</li>\n</ul>');
INSERT INTO `field_text` (`pages_id`, `data`) VALUES('1058', '<ul><li>nmeck jazyk</li>\n	<li>tdn uitelka P 2.A</li>\n</ul>');
INSERT INTO `field_text` (`pages_id`, `data`) VALUES('1059', '<ul><li>esk jazyk a literatura, zklady spoleenskch vd</li>\n	<li>tdn uitelka P 3.B</li>\n</ul>');
INSERT INTO `field_text` (`pages_id`, `data`) VALUES('1060', '<ul><li>architektura</li>\n</ul>');
INSERT INTO `field_text` (`pages_id`, `data`) VALUES('1061', '<ul><li>matematika, semin z matematiky, cvien z matematiky, tlesn vchova, zklady prodnch vd</li>\n	<li>tdn uitel P 4.A</li>\n</ul>');
INSERT INTO `field_text` (`pages_id`, `data`) VALUES('1062', '<ul><li>anglick jazyk</li>\n</ul>');
INSERT INTO `field_text` (`pages_id`, `data`) VALUES('1063', '<ul><li>ekonomika, prvn nauka, marketing, zklady prodnch vd, tlesn vchova</li>\n</ul>');
INSERT INTO `field_text` (`pages_id`, `data`) VALUES('1064', '<ul><li>programovn,databzov systmy, informan a komunikan technologie, e-marketing</li>\n</ul>');
INSERT INTO `field_text` (`pages_id`, `data`) VALUES('1065', '<ul><li>odborn anglitina, semin z anglickho jazyka</li>\n</ul>');
INSERT INTO `field_text` (`pages_id`, `data`) VALUES('1066', '<ul><li>programovn, databzov systmy</li>\n</ul>');
INSERT INTO `field_text` (`pages_id`, `data`) VALUES('1067', '<ul><li>odbornk z praxe, pozemn stavitelstv, odborn kreslen</li>\n</ul>');
INSERT INTO `field_text` (`pages_id`, `data`) VALUES('1068', '<ul><li>tlesn vchova</li>\n</ul>');
INSERT INTO `field_text` (`pages_id`, `data`) VALUES('1069', '<ul><li>sprvn sek</li>\n	<li>jednatel spolenosti</li>\n</ul>');
INSERT INTO `field_text` (`pages_id`, `data`) VALUES('1070', '<ul><li>asistentka editelky, ekonomka koly</li>\n</ul>');
INSERT INTO `field_text` (`pages_id`, `data`) VALUES('1071', '<h1>Podnikn v euroregionu a sluby v cestovnm ruchu</h1>\n\n<p><strong>Studijn obor:</strong>63-41-M/01 EKONOMIKA A PODNIKNse zamenm 01 - podnikn v euroregionu a sluby v cestovnm ruchu</p>\n\n<h2>Profilov maturitn zkouka</h2>\n\n<p><strong>stn maturitn zkouka</strong>:Podnikatelstv - souhrnn zkouka, Geografie a cestovn ruch</p>\n\n<p><strong>Praktick maturitn zkouka:</strong>vypracovn souvislho etnho pkladu, obhajoba podnikatelskho plnu, obhajoba itinere zjezdu</p>\n\n<p></p>\n\n<p><strong>Uebn pln</strong></p>\n\n<table class=\"uk-table uk-table-divider uk-table-striped\"><tbody><tr><td colspan=\"2\" rowspan=\"2\">\n			<p></p>\n\n			<p><strong>Pedmty, jejich kategorie a zkratky</strong><br />\n			</p>\n			</td>\n			<td colspan=\"4\"><strong>Poet tdn vyuovanch hodin v ronku:</strong></td>\n			<td rowspan=\"2\"><strong>Celkem</strong></td>\n		</tr><tr><td><strong>1</strong></td>\n			<td><strong>2</strong></td>\n			<td><strong>3</strong></td>\n			<td><strong>4</strong></td>\n		</tr><tr><td colspan=\"2\"><strong>Veobecn vzdlvac pedmty</strong></td>\n			<td></td>\n			<td></td>\n			<td></td>\n			<td></td>\n			<td></td>\n		</tr><tr><td>esk jazyk a literatura</td>\n			<td>JL</td>\n			<td>3</td>\n			<td>3</td>\n			<td>3</td>\n			<td>3</td>\n			<td>12</td>\n		</tr><tr><td>Anglick jazyk</td>\n			<td>AnJ</td>\n			<td>3</td>\n			<td>3</td>\n			<td>3</td>\n			<td>3</td>\n			<td>12</td>\n		</tr><tr><td>Nmeck jazyk</td>\n			<td>NeJ</td>\n			<td>3</td>\n			<td>3</td>\n			<td>3</td>\n			<td>3</td>\n			<td>12</td>\n		</tr><tr><td>Matematika</td>\n			<td>Mat</td>\n			<td>3</td>\n			<td>3</td>\n			<td>3</td>\n			<td>2</td>\n			<td>11</td>\n		</tr><tr><td>Maturitn semin</td>\n			<td>Sma</td>\n			<td>-</td>\n			<td>-</td>\n			<td>-</td>\n			<td>1</td>\n			<td>1</td>\n		</tr><tr><td>Zklady prodnch vd</td>\n			<td>ZPV</td>\n			<td>2</td>\n			<td>2</td>\n			<td>-</td>\n			<td>-</td>\n			<td>4</td>\n		</tr><tr><td>Zklady spoleensk vd</td>\n			<td>ZSV</td>\n			<td>2</td>\n			<td>2</td>\n			<td>-</td>\n			<td>-</td>\n			<td>4</td>\n		</tr><tr><td>Tlesn vchova</td>\n			<td>TeV</td>\n			<td>2</td>\n			<td>2</td>\n			<td>2</td>\n			<td>2</td>\n			<td>8</td>\n		</tr><tr><td><strong>Veobecn odborn pedmty</strong></td>\n			<td></td>\n			<td></td>\n			<td></td>\n			<td></td>\n			<td></td>\n			<td></td>\n		</tr><tr><td>Informan a komunikan technologie</td>\n			<td>IKT</td>\n			<td>4</td>\n			<td>3</td>\n			<td>-</td>\n			<td>-</td>\n			<td>7</td>\n		</tr><tr><td>Obchodn korespondence</td>\n			<td>ObK</td>\n			<td>2</td>\n			<td>2</td>\n			<td>-</td>\n			<td>-</td>\n			<td>4</td>\n		</tr><tr><td>Ekonomika</td>\n			<td>Eko</td>\n			<td>2</td>\n			<td>2</td>\n			<td>-</td>\n			<td>-</td>\n			<td>4</td>\n		</tr><tr><td>Podnikatelstv</td>\n			<td>Pod</td>\n			<td>-</td>\n			<td>1</td>\n			<td>4</td>\n			<td>5</td>\n			<td>10</td>\n		</tr><tr><td>Aplikovan podnikatelstv</td>\n			<td>ApP</td>\n			<td>-</td>\n			<td>-</td>\n			<td>2</td>\n			<td>-</td>\n			<td>2</td>\n		</tr><tr><td>Prvn nauka</td>\n			<td>PrN</td>\n			<td>-</td>\n			<td>-</td>\n			<td>2</td>\n			<td>3</td>\n			<td>5</td>\n		</tr><tr><td>Marketing</td>\n			<td>Mar</td>\n			<td>-</td>\n			<td>-</td>\n			<td>2</td>\n			<td>-</td>\n			<td>2</td>\n		</tr><tr><td>etnictv</td>\n			<td>Uce</td>\n			<td>2</td>\n			<td>2</td>\n			<td>1</td>\n			<td>1</td>\n			<td>6</td>\n		</tr><tr><td>etnictv na PC</td>\n			<td>UPC</td>\n			<td>-</td>\n			<td>-</td>\n			<td>1</td>\n			<td>1</td>\n			<td>2</td>\n		</tr><tr><td><strong>Zamen</strong></td>\n			<td></td>\n			<td></td>\n			<td></td>\n			<td></td>\n			<td></td>\n			<td></td>\n		</tr><tr><td>Odborn anglitina</td>\n			<td>OAJ</td>\n			<td>-</td>\n			<td>-</td>\n			<td>1(1)</td>\n			<td>-</td>\n			<td>1</td>\n		</tr><tr><td>Hotelov provoz</td>\n			<td>HoP</td>\n			<td>3</td>\n			<td>1</td>\n			<td>2</td>\n			<td>2</td>\n			<td>8</td>\n		</tr><tr><td>Geografie a cestovn ruch</td>\n			<td>GCR</td>\n			<td>2</td>\n			<td>2</td>\n			<td>3</td>\n			<td>3</td>\n			<td>10</td>\n		</tr><tr><td>Obchodn provoz</td>\n			<td>ObP</td>\n			<td>-</td>\n			<td>2</td>\n			<td>-</td>\n			<td>-</td>\n			<td>2</td>\n		</tr><tr><td>Bankovnictv</td>\n			<td>Ban</td>\n			<td>-</td>\n			<td>-</td>\n			<td>-</td>\n			<td>2</td>\n			<td>2</td>\n		</tr></tbody></table><p><strong>Absolvent je stedokolsky vzdlan odbornk, kter si na zklad studia veobecn vzdlvacch a odbornch pedmt osvoj:</strong></p>\n\n<ul><li>odborn znalosti a dovednosti ekonomicko-podnikatelsk a z oblasti slueb CR</li>\n	<li>dovednosti a nvyky umoujc ppravu na vysokokolsk typ studia nejenom ekonomickho zamen</li>\n	<li>dovednosti potebn k dalmu sebevzdlvn, schopnost analyzovat problmy, hledat zpsoby jejich een, pohotov se rozhodovat, pracovat samostatn i v tmu</li>\n	<li>schopnost samostatnho studia a prce s informanmi zdroji</li>\n</ul><h3>Oblast veobecnho vzdln</h3>\n\n<ul><li>Spolehliv znalost eskho jazyka a jeho kultivovan uvn</li>\n	<li>Kulturn pehled, vztah ke kulturnm, estetickm a humanitnm hodnotm</li>\n	<li>Znalost dvou svtovch jazyk na rovni samostatn veobecn komunikace vetn vyuvn znalost obchodn anglitiny pi obchodnch jednnch a obchodn korespondenci se zahraninm partnerem</li>\n	<li>Matematick vdomosti jak pro aplikaci v hospodsk, tak i ve finann praxi</li>\n	<li>Znalost dleitch jev, pojm a zkonitost fyziky a chemie a jejich aplikace</li>\n	<li>Poznn regionln, nrodn a svtov historie, pehled v oblasti geografie EU s pihldnut k ekonomickm souvislostem</li>\n</ul><h3>Oblast odbornho vzdln</h3>\n\n<ul><li>Znalost a pochopen ekonomickch pojm, princip a zkonitost v trn ekonomice a jejich aplikace v hospodsk praxi</li>\n	<li>Pouvn vdomost a dovednost z informanch technologi pro zpracovn informac vetn Internetu, znalost funknch monost vpoetn techniky a jejich eln aplikace</li>\n	<li>Znalost etn a daov problematiky vetn praktickho vyuit</li>\n	<li>Znalosti z marketingu a managementu a jejich pouit v praxi</li>\n	<li>Orientace v zkladnch prvnch normch a jejich vyuit v obchodn-podnikatelsk innosti</li>\n	<li>Znalost metodiky zaloen a provozovn vlastn firmy</li>\n	<li>Orientace v problematice podnikn v EU (etn, daov, prvn .)</li>\n	<li>Zpracovn podnikatelskch zmr pi zakldn firem i pro potebu pennch stav pi dostech o vr</li>\n	<li>Orientace ve standardech projektovho zen - vuka metodiky tvorby projekt na erpn dotac z EU (vuka na stednch kolch nen obvykl)</li>\n	<li>Znalosti z problematiky mzdovho etnictv a personalistiky</li>\n	<li>Uzavrn smluv s dodavateli a odbrateli vetn leasingovch</li>\n	<li>Provoz a zen hotel, gastronomickch zazen i pomoc softwaru na PC /SW Fidelio/</li>\n	<li>Provoz, zen a sluby cestovnch kancel, poskytovn slueb souvisejcch s cestovnm ruchem</li>\n	<li>Dovednost vcn, jazykov i formln sprvn zpracovvat psemnosti spojen s obchodn-podnikatelskou innost v tuzemsku i v zahrani s vyuitm vpoetn techniky</li>\n	<li>Praktick zkuenosti zskan odbornou prax, i prax zahranin</li>\n</ul><p>Absolvent<strong>PrimMat - Soukrom stedn koly podnikatelsk, s. r. o.</strong>, je kolou vychovvn vzhledem k budoucmu obanskmu a profesnmu ivotu k odpovdnosti, estnosti, dslednosti, pracovitosti, pesnosti, kreativit a podnikavosti.</p>\n\n<p>Uplatnn absolvent se zamenm 01 - podnikn v euroregionu a sluby v cestovnm ruchu (dvouprofesn vzdlvn):</p>\n\n<ul><li>V pennch stavech  banky, pojiovny, spoitelny</li>\n	<li>ady sttn a veejn sprvy  asistent, referent, administrativn pracovnk</li>\n	<li>Pracovnk ekonomickch a personlnch tvar, managementu malch i velkch firem</li>\n	<li>Hotely, restaurace, jdelny,ubytovny, lzn  recepn, provozn, sluby souvisejc s CR, prce v managementu firem</li>\n	<li>Prce v cestovnch kancelch, cestovnch agenturch,informanch stediscch</li>\n	<li>Realizace vlastnch podnikatelskch zmr, asistent podnikatele</li>\n	<li>Pokraovn ve studiu na V nejen ekonomickho smru</li>\n</ul><p>Studijn obor vychz z kvalifikanch a osobnostnch poadavk, stanovench v projektu Integrovan systm typovch pozic (ISTP) Ministerstva prce a socilnch vc.</p>\n\n<p><strong>Ron koln podle prospchu: 0  13 000,- K</strong></p>');
INSERT INTO `field_text` (`pages_id`, `data`) VALUES('1072', '<h1>Podnikn v euroregionu a pozemn stavitelstv</h1>\n\n<p><strong>Studijn obor:</strong>63-41-M/01 EKONOMIKA A PODNIKNse zamenm 02 - podnikn v euroregionu a pozemn stavitelstv</p>\n\n<h2>Profilov maturitn zkouka</h2>\n\n<p><strong>stn maturitn zkouka</strong>:Podnikatelstv - souhrnn zkouka, Pozemn stavitelstv</p>\n\n<p><strong>Praktick maturitn zkouka</strong>:vypracovn souvislho etnho pkladu, obhajoba podnikatelskho plnu, obhajoba stavebnho projektu</p>\n\n<p></p>\n\n<p><strong>Uebn pln</strong></p>\n\n<table class=\"uk-table uk-table-divider uk-table-striped\"><tbody><tr><td colspan=\"2\" rowspan=\"2\">\n			<p></p>\n\n			<p><strong>Pedmty, jejich kategorie a zkratky</strong><br />\n			</p>\n			</td>\n			<td colspan=\"4\"><strong>Poet tdn vyuovanch hodin v ronku:</strong></td>\n			<td rowspan=\"2\"><strong>Celkem</strong></td>\n		</tr><tr><td><strong>1</strong></td>\n			<td><strong>2</strong></td>\n			<td><strong>3</strong></td>\n			<td><strong>4</strong></td>\n		</tr><tr><td colspan=\"2\"><strong>Veobecn vzdlvac pedmty</strong></td>\n			<td></td>\n			<td></td>\n			<td></td>\n			<td></td>\n			<td></td>\n		</tr><tr><td>esk jazyk a literatura</td>\n			<td>JL</td>\n			<td>3</td>\n			<td>3</td>\n			<td>3</td>\n			<td>3</td>\n			<td>12</td>\n		</tr><tr><td>Anglick jazyk</td>\n			<td>AnJ</td>\n			<td>3</td>\n			<td>3</td>\n			<td>3</td>\n			<td>3</td>\n			<td>12</td>\n		</tr><tr><td>Nmeck jazyk</td>\n			<td>NeJ</td>\n			<td>3</td>\n			<td>3</td>\n			<td>3</td>\n			<td>3</td>\n			<td>12</td>\n		</tr><tr><td>Matematika</td>\n			<td>Mat</td>\n			<td>3</td>\n			<td>3</td>\n			<td>3</td>\n			<td>2</td>\n			<td>11</td>\n		</tr><tr><td>Maturitn seminr</td>\n			<td>Sma</td>\n			<td>-</td>\n			<td>-</td>\n			<td>-</td>\n			<td>1</td>\n			<td>1</td>\n		</tr><tr><td>Zklady prodnch vd</td>\n			<td>ZPV</td>\n			<td>2</td>\n			<td>2</td>\n			<td>-</td>\n			<td>-</td>\n			<td>4</td>\n		</tr><tr><td>Zklady spoleensk vd</td>\n			<td>ZSV</td>\n			<td>2</td>\n			<td>2</td>\n			<td>-</td>\n			<td>-</td>\n			<td>4</td>\n		</tr><tr><td>Tlesn vchova</td>\n			<td>TeV</td>\n			<td>2</td>\n			<td>2</td>\n			<td>2</td>\n			<td>2</td>\n			<td>8</td>\n		</tr><tr><td><strong>Veobecn odborn pedmty</strong></td>\n			<td></td>\n			<td></td>\n			<td></td>\n			<td></td>\n			<td></td>\n			<td></td>\n		</tr><tr><td>Informan a komunikan technologie</td>\n			<td>IKT</td>\n			<td>4</td>\n			<td>3</td>\n			<td>-</td>\n			<td>-</td>\n			<td>7</td>\n		</tr><tr><td>Obchodn korespondence</td>\n			<td>ObK</td>\n			<td>2</td>\n			<td>2</td>\n			<td>-</td>\n			<td>-</td>\n			<td>4</td>\n		</tr><tr><td>Ekonomika</td>\n			<td>Eko</td>\n			<td>2</td>\n			<td>2</td>\n			<td>-</td>\n			<td>-</td>\n			<td>4</td>\n		</tr><tr><td>Podnikatelstv</td>\n			<td>Pod</td>\n			<td>-</td>\n			<td>1</td>\n			<td>4</td>\n			<td>5</td>\n			<td>10</td>\n		</tr><tr><td>Aplikovan podnikatelstv</td>\n			<td>ApP</td>\n			<td>-</td>\n			<td>-</td>\n			<td>2</td>\n			<td>-</td>\n			<td>2</td>\n		</tr><tr><td>Prvn nauka</td>\n			<td>PrN</td>\n			<td>-</td>\n			<td>-</td>\n			<td>2</td>\n			<td>3</td>\n			<td>5</td>\n		</tr><tr><td>Marketing</td>\n			<td>Mar</td>\n			<td>-</td>\n			<td>-</td>\n			<td>2</td>\n			<td>-</td>\n			<td>2</td>\n		</tr><tr><td>etnictv</td>\n			<td>Uce</td>\n			<td>2</td>\n			<td>2</td>\n			<td>1</td>\n			<td>1</td>\n			<td>6</td>\n		</tr><tr><td>etnictv na PC</td>\n			<td>UPC</td>\n			<td>-</td>\n			<td>-</td>\n			<td>1</td>\n			<td>1</td>\n			<td>2</td>\n		</tr><tr><td><strong>Zamen</strong></td>\n			<td></td>\n			<td></td>\n			<td></td>\n			<td></td>\n			<td></td>\n			<td></td>\n		</tr><tr><td>Odborn anglitina</td>\n			<td>OAJ</td>\n			<td>-</td>\n			<td>-</td>\n			<td>1(1)</td>\n			<td>-</td>\n			<td>1</td>\n		</tr><tr><td>Pozemn stavitelstv</td>\n			<td>PoS</td>\n			<td>3</td>\n			<td>2</td>\n			<td>2</td>\n			<td>3</td>\n			<td>10</td>\n		</tr><tr><td>Odborn kreslen</td>\n			<td>OdK</td>\n			<td>-</td>\n			<td>1</td>\n			<td>3</td>\n			<td>2</td>\n			<td>6</td>\n		</tr><tr><td>Zklady projektovn a 3D modelovn</td>\n			<td>ZPM</td>\n			<td>2</td>\n			<td>-</td>\n			<td>-</td>\n			<td>-</td>\n			<td>2</td>\n		</tr><tr><td>Mechanika</td>\n			<td>Mech</td>\n			<td>-</td>\n			<td>2</td>\n			<td>-</td>\n			<td>-</td>\n			<td>2</td>\n		</tr><tr><td>Architektura</td>\n			<td>Arch</td>\n			<td>-</td>\n			<td>-</td>\n			<td>-</td>\n			<td>2</td>\n			<td>2</td>\n		</tr></tbody></table><h2>Absolvent je stedokolsky vzdlan odbornk, kter si na zklad studia veobecn vzdlvacch a odbornch pedmt osvoj:</h2>\n\n<ul><li>odborn znalosti a dovednosti souvisejc s ekonomicko-podnikatelskou innost a souasn s technickm zamenm studijnho oboru na pozemn stavitelstv</li>\n	<li>dovednosti a nvyky umoujc ppravu na vysokokolsk typ studia nejenom technickho a ekonomickho zamen</li>\n	<li>dovednosti potebn k dalmu sebevzdlvn, schopnost analyzovat problmy, hledat zpsoby jejich een, pohotov se rozhodovat, pracovat samostatn i v tmu</li>\n	<li>samostatn studium a prci s informanmi zdroji</li>\n	<li>Oblast veobecnho vzdln</li>\n</ul><h3>Spolehliv znalost eskho jazyka a jeho kultivovan uvn</h3>\n\n<ul><li>Kulturn pehled, vztah ke kulturnm, estetickm a humanitnm hodnotm</li>\n	<li>Znalost dvou svtovch jazyk na rovni samostatn veobecn komunikace vetn vyuvn znalost pi obchodnch jednnch a obchodn korespondenci se zahraninm partnerem</li>\n	<li>Matematick vdomosti jak pro aplikaci v hospodsk, tak i ve finann praxi</li>\n	<li>Znalost dleitch jev, pojm a zkonitost fyziky a chemie a jejich aplikace</li>\n	<li>Poznn regionln, nrodn a svtov historie, pehled v oblasti geografie s pihldnutmk ekonomickm souvislostem</li>\n</ul><h3>Oblast odbornho vzdln</h3>\n\n<ul><li>Znalost a pochopen ekonomickch pojm, princip a zkonitost v trn ekonomice a jejich aplikace v hospodsk praxi</li>\n	<li>Pouvn vdomost a dovednost z informanch technologi pro zpracovn informac vetn Internetu</li>\n	<li>Znalost etn a daov problematiky vetn praktickho vyuit</li>\n	<li>Znalosti z marketingu a managementu a jejich pouit v praxi</li>\n	<li>Orientace v zkladnch prvnch normch a jejich aplikace na podmnky praxe</li>\n	<li>Znalost metodiky zaloen a provozovn vlastn firmy</li>\n	<li>Orientace v problematice podnikn v EU (etn, daov, prvn .)</li>\n	<li>Zpracovn podnikatelskch zmr pi zakldn firem i pro potebu pennch stav pi dostech o vr</li>\n	<li>Orientace ve standardech projektovho zen - vuka metodiky tvorby projekt na erpn dotac z EU (vuka na stednch kolch nen obvykl)</li>\n	<li>Znalosti z problematiky mzdovho etnictv a personalistiky</li>\n	<li>Uzavrn smluv s dodavateli a odbrateli vetn leasingovch</li>\n	<li>Stejn znalosti odbornch pedmt souvisejcch s pozemnm stavitelstvm - stavebn materily, betonov konstrukce, stroje a zazen, geodzie, stavebn mechanika, architektura, management ve stavebnictv, kalkulace stavebnch prac a ceny staveb dle projektu v SW programu euro CALC (Callida), projektovn na PC v SW programu PROGECAD, ArchiCAD.</li>\n	<li>Znalost technologick nvaznosti stavebnch prac</li>\n	<li>Schopnost zpracovat stavebn projekt, vypracovn dokumentace za elem stavebnho povolen</li>\n	<li>Vypracovat projekt nzkoenergetickho a pasivnho objektu (na S nen tato vuka bn)</li>\n	<li>ten a posuzovn stavebnch projekt</li>\n	<li>Navrhovn dom, byt tak formou 3D modelu</li>\n	<li>Zpracovn projekt dle zadn partnersk stavebn firmy</li>\n	<li>Praktick zkuenosti zskan odbornou prax nejenom ve stavebn firm, odborn dovednosti dle poadavk potencilnch zamstnavatel</li>\n</ul><p>Absolvent PrimMat - Soukrom stedn koly podnikatelsk, s. r. o. je kolou vychovvn vzhledem k budoucmu obanskmu a profesnmu ivotu k odpovdnosti, estnosti, dslednosti, pracovitosti, pesnosti, kreativit a podnikavosti.</p>\n\n<h4>Uplatnn absolvent studijnho oboru se zamenm 02 - podnikn v euroregionu a pozemn stavitelstv (dvouprofesn vzdln):</h4>\n\n<ul><li>Stavebn firmy, pojiovny, stavebn a katastrln ady</li>\n	<li>Pracovnk technickch sek firem a spolenost, prce v ekonomickch a personlnch tvarech</li>\n	<li>Pracovnk managementu malch i velkch firem nejenom stavebnho zamen</li>\n	<li>Stavbyvedouc</li>\n	<li>Prce v projekn kanceli</li>\n	<li>Prce ve firmch poskytujcch obchodn innosti a sluby</li>\n	<li>Realizace vlastnch podnikatelskch zmr , asistent podnikatele</li>\n	<li>Pokraovn ve studiu na V nejen ekonomickho smru</li>\n	<li>Studijn obor vychz z kvalifikanch a osobnostnch poadavk, stanovench v projektu Integrovan systm typovch pozic (ISTP) Ministerstva prce a socilnch vc.</li>\n</ul><p><strong>Ron koln podle prospchu: 0  13 000,- K</strong></p>');
INSERT INTO `field_text` (`pages_id`, `data`) VALUES('1073', '<h1>Podnikn v euroregionu a internetov sluby a aplikace (programovn a webdesign)</h1>\n\n<p>Studijn obor:63-41-M/01 EKONOMIKA A PODNIKNse zamenm 03 - podnikn v euroregionu a internetov sluby a aplikace</p>\n\n<h2>Profilov maturitn zkouka</h2>\n\n<p><strong>stn maturitn zkouka</strong>:Podnikatelstv - souhrnn zkouka, Programovn</p>\n\n<p><strong>Praktick maturitn zkouka</strong>:vypracovn souvislho etnho pkladu, obhajoba podnikatelskho plnu, obhajoba webovho projektu</p>\n\n<p></p>\n\n<h2>Pro zvolit toto zamen?</h2>\n\n<ul><li>v<strong>prvnm</strong>ronku vytvote (a nastylujete) sprvn<strong>statick</strong>web</li>\n	<li>ve<strong>druhm</strong>ronku vytvote<strong>dynamick</strong>web a pouen jej propojte s<strong>databzi</strong></li>\n	<li>ve<strong>tetm</strong>ronku pouen<strong>programujete</strong>a umte spravovat<strong>CMS</strong>(eshop, redakn systm ...) a propagovat je</li>\n	<li>ve<strong>tvrtm</strong>ronku umte naplnovat a vytvoit<strong>vlastn CMS</strong>, umte pracovat se<strong>socilnmi</strong>systmy a dalmi<strong>marketingovmi</strong>nstroji</li>\n	<li><strong>k maturit si pipravte a obhjte vlastn webov projekt</strong></li>\n</ul><h2>Uebn pln</h2>\n\n<table class=\"uk-table uk-table-divider uk-table-striped\"><tbody><tr><td colspan=\"2\" rowspan=\"2\">\n			<p></p>\n\n			<p><strong>Pedmty, jejich kategorie a zkratky</strong></p>\n\n			<p></p>\n			</td>\n			<td colspan=\"4\"><strong>Poet tdn vyuovanch hodin v ronku:</strong></td>\n			<td rowspan=\"2\">\n			<p></p>\n\n			<p><strong>Celkem</strong></p>\n\n			<p></p>\n			</td>\n		</tr><tr><td><strong>1</strong></td>\n			<td><strong>2</strong></td>\n			<td><strong>3</strong></td>\n			<td><strong>4</strong></td>\n		</tr><tr><td colspan=\"2\"><strong>Veobecn vzdlvac pedmt</strong></td>\n			<td></td>\n			<td></td>\n			<td></td>\n			<td></td>\n			<td></td>\n		</tr><tr><td>esk jazyk a literatura</td>\n			<td>JL</td>\n			<td>3</td>\n			<td>3</td>\n			<td>3</td>\n			<td>3</td>\n			<td>12</td>\n		</tr><tr><td>Anglick jazyk</td>\n			<td>AnJ</td>\n			<td>3</td>\n			<td>3</td>\n			<td>3</td>\n			<td>3</td>\n			<td>12</td>\n		</tr><tr><td>Nmeck jazyk</td>\n			<td>NeJ</td>\n			<td>3</td>\n			<td>3</td>\n			<td>3</td>\n			<td>3</td>\n			<td>12</td>\n		</tr><tr><td>Matematika</td>\n			<td>Mat</td>\n			<td>3</td>\n			<td>3</td>\n			<td>3</td>\n			<td>2</td>\n			<td>11</td>\n		</tr><tr><td>Maturitn semin</td>\n			<td>Sma</td>\n			<td>-</td>\n			<td>-</td>\n			<td>-</td>\n			<td>1</td>\n			<td>1</td>\n		</tr><tr><td>Zklady prodnch vd</td>\n			<td>ZPV</td>\n			<td>2</td>\n			<td>2</td>\n			<td>-</td>\n			<td>-</td>\n			<td>4</td>\n		</tr><tr><td>Zklady spoleensk vd</td>\n			<td>ZSV</td>\n			<td>2</td>\n			<td>2</td>\n			<td>-</td>\n			<td>-</td>\n			<td>4</td>\n		</tr><tr><td>Tlesn vchova</td>\n			<td>TeV</td>\n			<td>2</td>\n			<td>2</td>\n			<td>2</td>\n			<td>2</td>\n			<td>8</td>\n		</tr><tr><td><strong>Veobecn odborn pedmty</strong></td>\n			<td></td>\n			<td></td>\n			<td></td>\n			<td></td>\n			<td></td>\n			<td></td>\n		</tr><tr><td>Informan a komunikan technologie</td>\n			<td>IKT</td>\n			<td>4</td>\n			<td>3</td>\n			<td>-</td>\n			<td>-</td>\n			<td>7</td>\n		</tr><tr><td>Obchodn korespondence</td>\n			<td>ObK</td>\n			<td>2</td>\n			<td>2</td>\n			<td>-</td>\n			<td>-</td>\n			<td>4</td>\n		</tr><tr><td>Ekonomika</td>\n			<td>Eko</td>\n			<td>2</td>\n			<td>2</td>\n			<td>-</td>\n			<td>-</td>\n			<td>4</td>\n		</tr><tr><td>Podnikatelstv</td>\n			<td>Pod</td>\n			<td>-</td>\n			<td>1</td>\n			<td>4</td>\n			<td>5</td>\n			<td>10</td>\n		</tr><tr><td>Aplikovan podnikatelstv</td>\n			<td>ApP</td>\n			<td>-</td>\n			<td>-</td>\n			<td>2</td>\n			<td>-</td>\n			<td>2</td>\n		</tr><tr><td>Prvn nauka</td>\n			<td>PrN</td>\n			<td>-</td>\n			<td>-</td>\n			<td>2</td>\n			<td>3</td>\n			<td>5</td>\n		</tr><tr><td>Marketing</td>\n			<td>Mar</td>\n			<td>-</td>\n			<td>-</td>\n			<td>2</td>\n			<td>-</td>\n			<td>2</td>\n		</tr><tr><td>etnictv</td>\n			<td>Uce</td>\n			<td>2</td>\n			<td>2</td>\n			<td>1</td>\n			<td>1</td>\n			<td>6</td>\n		</tr><tr><td>etnictv na PC</td>\n			<td>UPC</td>\n			<td>-</td>\n			<td>-</td>\n			<td>1</td>\n			<td>1</td>\n			<td>2</td>\n		</tr><tr><td><strong>Zamen</strong></td>\n			<td></td>\n			<td></td>\n			<td></td>\n			<td></td>\n			<td></td>\n			<td></td>\n		</tr><tr><td>Odborn anglitina</td>\n			<td>OAJ</td>\n			<td>-</td>\n			<td>-</td>\n			<td>1</td>\n			<td>-</td>\n			<td>1</td>\n		</tr><tr><td>Programovn</td>\n			<td>Pro</td>\n			<td>5</td>\n			<td>3</td>\n			<td>2</td>\n			<td>3</td>\n			<td>13</td>\n		</tr><tr><td>Databzov systmy</td>\n			<td>DaS</td>\n			<td>-</td>\n			<td>2</td>\n			<td>2</td>\n			<td>2</td>\n			<td>6</td>\n		</tr><tr><td>e-Marketing</td>\n			<td>eMa</td>\n			<td>-</td>\n			<td>-</td>\n			<td>1</td>\n			<td>2</td>\n			<td>3</td>\n		</tr></tbody></table><p><br /><strong>Absolvent je stedokolsky vzdlan odbornk, kter si na zklad studia veobecn vzdlvacch a odbornch pedmt osvoj:</strong></p>\n\n<ul><li>odborn znalosti a dovednosti ekonomicko-podnikatelsk a zoblasti podnikn na internetu</li>\n	<li>dovednosti a nvyky umoujc ppravu na vysokokolsk typ studia nejenom ekonomickho zamen</li>\n	<li>dovednosti potebn k dalmu sebevzdlvn, schopnost analyzovat problmy, hledat zpsoby jejich een, pohotov se rozhodovat, pracovat samostatn i v tmu</li>\n	<li>schopnost samostatnho studia a prce s informanmi zdroji</li>\n</ul><h3>Oblast veobecnho vzdln</h3>\n\n<ul><li>Spolehliv znalost eskho jazyka a jeho kultivovan uvn</li>\n	<li>Kulturn pehled, vztah ke kulturnm, estetickm a humanitnm hodnotm</li>\n	<li>Znalost dvou svtovch jazyk na rovni samostatn veobecn komunikace vetn vyuvn znalost obchodn anglitiny pi obchodnch jednnch a obchodnkorespondenci se zahraninm partnerem</li>\n	<li>Matematick vdomosti jak pro aplikaci v hospodsk, tak i ve finann praxi</li>\n	<li>Znalost dleitch jev, pojm a zkonitost fyziky a chemie a jejich aplikace</li>\n	<li>Poznn regionln, nrodn a svtov historie,</li>\n</ul><h3>Oblast odbornho vzdln</h3>\n\n<ul><li>Znalost a pochopen ekonomickch pojm, princip a zkonitost v trn ekonomice a jejich aplikace v hospodsk praxi</li>\n	<li>Pouvn vdomost a dovednost z informanch technologi pro zpracovn informac vetn Internetu, znalost funknch monost vpoetn techniky a jejich eln aplikace</li>\n	<li>Znalost etn a daov problematiky vetn praktickho vyuit</li>\n	<li>Znalosti z marketingu a managementu a jejich pouit v praxi</li>\n	<li>Orientace v zkladnch prvnch normch a jejich vyuit v obchodn-podnikatelsk innosti</li>\n	<li>Znalost metodiky zaloen a provozovn vlastn firmy</li>\n	<li>Orientace v problematice podnikn v EU (etn, daov, prvn .)</li>\n	<li>Zpracovn podnikatelskch zmr pi zakldn firem i pro potebu pennch stav pi dostech o vr</li>\n	<li>Orientace ve standardech projektovho zen - vuka metodiky tvorby projekt na erpn dotac z EU (vuka na stednch kolch nen obvykl)</li>\n	<li>Znalosti z problematiky mzdovho etnictv a personalistiky</li>\n	<li>Uzavrn smluv s dodavateli a odbrateli vetn leasingovch</li>\n	<li>Programovn webovch aplikac</li>\n	<li>Instalace, sprva a prce sinternetovmi CMS a eshopy</li>\n	<li>Znalosti voblasti eMarketingu a podnikn na internetu</li>\n	<li>Dovednost vcn, jazykov i formln sprvn zpracovvat psemnosti spojen s obchodn-podnikatelskou innost v tuzemsku i v zahrani s vyuitm vpoetn techniky</li>\n	<li>Praktick zkuenosti zskan odbornou prax, prax v IT firmch, i vlastnmi podnikatelskmi aktivitami ji v prbhu studia</li>\n</ul><p>Absolvent PrimMat - Soukrom stedn koly podnikatelsk, s. r. o., je kolou vychovvn vzhledem k budoucmu obanskmu a profesnmu ivotu k odpovdnosti, estnosti, dslednosti, pracovitosti, pesnosti, kreativit a podnikavosti.</p>\n\n<h3>Uplatnn absolvent se zamenm 03 - podnikn v euroregionu a internetov sluby a aplikace (dvouprofesn vzdlvn):</h3>\n\n<ul><li>V pennch stavech  banky, pojiovny, spoitelny</li>\n	<li>ady sttn a veejn sprvy  asistent, referent, administrativn pracovnk</li>\n	<li>Pracovnk ekonomickch a personlnch tvar, managementu malch i velkch firem</li>\n	<li>Programtor webovch systm</li>\n	<li>Sprvce internetovch een  eshopy, weby, marketing, sociln st</li>\n	<li>Realizace vlastnch podnikatelskch zmr, asistent podnikatele</li>\n	<li>Pokraovn ve studiu na V - ekonomickho, prvnho, humanitnho , i technickho zamen</li>\n</ul><p>Studijn obor vychz z kvalifikanch a osobnostnch poadavk, stanovench v projektu Integrovan systm typovch pozic (ISTP) Ministerstva prce a socilnch vc.</p>\n\n<p><strong>Ron koln podle prospchu: 0  13 000,- K</strong></p>');
INSERT INTO `field_text` (`pages_id`, `data`) VALUES('1044', '<h3>kola zkvalituje a podporuje vuku i za pomoc projekt spolufinancovanch Evropskou uni.</h3>\n\n<p><strong><a href=\"https://www.primmat.cz/dokumenty/aktualizace-web.-s%CC%8Cablony-ii-3-end.pdf\">Students Actively Learning Entrepreneurial Skills</a></strong>- vmna osvdench vzdlvacch postup na podporu podnikatelskho vzdlvn, podnikavosti, kreativity, kritickho mylen, digitln kompetence, jazykov a prezentan dovednosti, pispt k osobnmu a profesnmu rozvoji k, usnadnit porozumn svtu podnikn. Vce na PDF, ke staen<a	href=\"/site/assets/files/1044/primmat-tour.pdf\">zde</a>.</p>\n\n<p><strong><a href=\"https://www.primmat.cz/dokumenty/aktualizace-web.-s%CC%8Cablony-ii-1-1.pdf\">PrimMat-praxe-budoucnost II</a>-</strong>Projekt je zameren na personalni podporu, osobnostne profesni rozvoj pedagogu, rovny pristup ke vzdelavani, podporu aktivit rozvijejicich ICT, rozvoj kompetenci pedagogu v oblasti vyuzivani novych vyukovych metod s podporou ICT, spolupraci skoly se zamestnavateli, zapojeni odborniku z praxe do vyuku, spolupraci s rodici zaku, s verejnosti. Vce naPDF ke staen<a	href=\"/site/assets/files/1044/aktualizace-web_-sablony-ii-1-1.pdf\">zde</a>.</p>\n\n<p><strong><a href=\"http://euprojekty.ssspfm.cz/\">Nov vzvy, nov pleitosti, nov kola</a></strong>- aktualizace VP a vytvoen a elektronizace stovek vukovch materilu. Materily jsou veejn dostupn a dle poteby aktualizovan.</p>\n\n<p><strong><a href=\"http://www.sbirkaprikladu.eu/\">SbrkaPklad.EU</a></strong>- rozshl webov sbrka tisc pklad z matematiky a genertor nhodnch pklad.</p>\n\n<p><strong><a href=\"http://www.primmat.cz/\">ePRIMMAT</a></strong>- tvorba a elektronizace vukovch materil, IT podpora vuky.</p>\n\n<p><strong><a href=\"http://www.primmat.cz/\">EUPRIMMAT</a></strong>- podpora jazykovho vzdlvn prostednictvm vjezd do zahrani.</p>\n\n<p><strong><a href=\"http://gebol.org/cs/\">GEBOL</a></strong>- mezinrodn projekt zamen na spoluprci kol a drobnch podnikatel.</p>\n\n<p><strong><a href=\"http://maple.theingots.org/cs/domu/\">MAPLE</a></strong>- mezinrodn projektov partnerstv zamen na potaov mylen a men prstku znalost a dovednost.</p>\n\n<p><strong><a	href=\"/site/assets/files/1044/1804180907-a3horizontal.pdf\" target=\"_blank\" rel=\"noreferrer noopener\">PRIMMAT-PRAXE-BUDOUCNOST</a></strong>-clem projektu je personln podpora, osobnostn profesn rozvoj pedagog, spolen vzdlvn k a student, podpora extrakurikulrnch aktivit, aktivity rozvjejc ICT.</p>');
INSERT INTO `field_text` (`pages_id`, `data`) VALUES('1080', '<h1>Pijmn k ke studiu na PRIMMAT koln rok 2021/2022</h1>\n\n<h2>informace pro uchazee ke studiu</h2>\n\n<p><strong>Dodaten rozhodnut  o nekonn koln pijmac zkouky.</strong></p>\n\n<p><strong>Vnvaznosti na opaten obecn povahy MMT ze dne 5. 1. 2021 editelka koly dodaten rozhodla o nekonn koln pijmac zkouky vrmci 1. kola pijmacho zen pro koln rok 2021/2022.</strong></p>\n\n<p>Ve Frdku  Mstku dne 1. 3. 2021</p>\n\n<p>Mgr. Eva Zykmundov</p>\n\n<p>editelka koly</p>\n\n<p><br /><strong>Jednotn pijmac zkouka zjazyka eskho a matematiky je na na kole zruena.</strong></p>\n\n<h2>Kritria pijmacho zen</h2>\n\n<h3>1. Stanoven kritri pijmacho zen</h3>\n\n<p><strong>Podmnky pijet ke studiu do studijnho oboru 6341M/01 Ekonomika a podnikn</strong>, studijn zamen: 01 (sluby v cestovnm ruchu), 02 (pozemn stavitelstv), 03 (internetov sluby a aplikace - programovn a webdesign).</p>\n\n<p>Vichni uchazei konaj pouze koln pijmac zkouku vpodob testu zobecn studijnch pedpoklad.</p>\n\n<p><strong>Rozhodujcm kritriem pro pijet ke vzdlvn je poad, kter je ureno celkovm potem zskanch bod u pijmacho zen.</strong></p>\n\n<h3>Jak vyplnit pihlku</h3>\n\n<p>- Formul pihlky uchazei poskytne zkladn kola, pop. stedn kola,<br />\n- lze tak vyut obecn tiskopis pihlky MMT,<br />\n- iteln vyplte vechny zkladn identifiktory (jmno, pjmen, bydlit, kontakty<br />\natd.) Nutn vyplte vechny dostupn kontakty (mobil, e-mail - ve iteln !),<br />\n- lkask posudek o zdravotn zpsobilosti ke vzdlvn nevyadujeme,<br />\n- nezapomete pihlku podepsat (jak zkonn zstupce, tak i uchaze),<br />\n- pihlka mus obsahovat vyplnn daje ze Z (hodnocen z 8. a 9. tdy Z., podpis a<br />\nraztko Z), ppadn oven kopie vysvden z 8. a 9. tdy Z,<br />\n- stle plat monost podat pihlky v rmci prvnho kola na dv stedn koly,<br />\n- pihlku muste v termnu do<strong>1. 3. 2021</strong>doruit na ob vmi zvolen koly,<br />\n- pihlku dorute osobn /sekretarit/ nebo zalete potou - adresa pro doruen potou:<br /><strong>PrimMat  Soukrom stedn kola podnikatelsk, eskoslovensk armdy 482, 73801 Frdek </strong><br /><strong>Mstek,</strong><br />\n- pracovn doba pro odevzdn pihlek v msci noru 2021 : bn 8,00 - 15,00 hodin,<br />\n- koln pijmac zkouka - 1. termn 13. duben 2021, uren kolou, na pihlku se uvd jen<br />\njeden termn,<br />\n- koln pijmac zkouka  2. termn 14. duben 2021, uren kolou.</p>\n\n<p>Ve Frdku  Mstku dne 27. 1. 2021</p>\n\n<h3>2. Poet td</h3>\n\n<p>Do 1. ronku kolnho roku 2021/2022 budeme z prostorovch dvod pijmat pouze<strong>jednu tdu</strong>.</p>\n\n<h4>2.1Pedpokldan poet pijmanch uchaze - studijn obor 6341M/01 Ekonomika a podnikn</h4>\n\n<p><strong>Studijn obor 6341M/01 Ekonomika a podnikn</strong></p>\n\n<p>-<strong>32 k</strong>dvou studijnch zamen (viz bod 1)</p>\n\n<p></p>\n\n<h3>3. Postup vpotu celkovho bodovho hodnocen</h3>\n\n<p>Maximln poet bod, kter me uchaze doshnout, je 80.</p>\n\n<h4>3.1 koln pijmac zkouka formou testu z obecn studijnch pedpoklad (v nvaznosti na opaten obecn povahy MMT ze dne 5. 1. 2021 me  dodaten rozhodnout do 8. 3. 2021 o nekonn koln pijmac zkouky)</h4>\n\n<p><strong>Parametry koln zkouky zobecn studijnch pedpoklad (OSP)</strong></p>\n\n<p>zahjen testu z OSP pedbn 8:30 h<br />\ntest uchazei provd psemnou formou<br />\ndlka testu  60 minut<br />\nmaximln poet dosaench bod je 30<br />\npozvnku ke zkouce obdrte od S, kterou zvolte na prvnm mst, tam konte zkouku</p>\n\n<h4><br />\n3.2Zjevn kreativita uchazee (zapojen do sout, reprezentace Z,)  maximln poet dosaench bod je 20.</h4>\n\n<h4>3.3 Prospchov vsledky ze Z</h4>\n\n<p>* prmrn prospch z8. tdy Z (prvn pololet)</p>\n\n<p>* prmrn prospch 1,00 <strong>30 bod</strong></p>\n\n<p>* za kadou 0,1 vprmru prospchu se strhv 1 bod (napklad: prmr 1, 1 =29 bod, prmr 1,2 = 28 bod, , zaokrouhluje se dle matematickch pravidel)</p>\n\n<p><strong>3.4V ppad rovnosti bod dvou a vce uchazerozhoduj o jejich poad pomocn kritria vnsledujcm poad:</strong></p>\n\n<p>Bodov vsledek zkouky z OSP<br />\nVppad shody ve vech pedchozch ukazatelch rozhoduje o poad uchazee hodnocen zpreferovanch pedmt za 1. pololet osm tdy vtomto poad:<br />\na) Anglick jazyk<br />\nb) Matematika<br />\nc) esk jazyk</p>\n\n<h3><br />\n4.Ron koln in 0 - 13 000,- K</h3>\n\n<p>Ve Frdku-Mstku dne 11. 1. 2021                </p>\n\n<p>Mgr. Eva Zykmundov, editelka koly, v. r.</p>\n\n<h3>5. Dal informace</h3>\n\n<ul><li>pihlky - editelce stedn koly do1. bezna 2021a to osobn nebo potou,</li>\n	<li>nen vyadovno potvrzen lkae o zdravotn zpsobilosti,</li>\n	<li>jednotn pijmac zkouka zM a JL<strong>se nekon</strong>,</li>\n	<li>odvoln proti rozhodnut o nepijet je nutn podat do 3 pracovnch dn od doruen rozhodnut o nepijet k rukm editelky koly,</li>\n	<li>uchaze/zkonn zstupce potvrd zjem o kolu odevzdnm<strong>zpisovho lstkudo 10 pracovnch dn</strong>ode dne vyhlen vsledk pijmacho zen,</li>\n	<li><strong>rodie pijatch k budou vyzvni k projednn a podpisu smlouvy o studiu a vzdlvn, kter zavazuje smluvn strany k partnersk spoluprci po celou dobu studia (podmnka realizace studia),</strong></li>\n	<li>vzdlvn cizinc je poskytovn v souladu se kolskm zkonem.</li>\n</ul><h4><br />\nPijmn do vyho ronku vzdlvn ve stedn kole:         </h4>\n\n<p>63 zkona .561/2004 Sb., kolsk zkon, ve znn pozdjch pedpis,<br />\neditel koly me uchazee pijmout do vyho ne prvnho ronku vzdlvn ve stedn kole. V rmci pijmacho zen me editel koly po posouzen doklad uchazee o pedchozm vzdlvn stanovit jako podmnku pro pijet vykonn zkouky, a urit jej obsah, termn, formu a kritria hodnocen, a to v souladu se vzdlvacm programem pslunho oboru vzdln. V ppad, e editel koly rozhodne o pijet uchazee, ur ronk, do nho bude uchaze zaazen.<br />\nPrvn pedpisy pro pijmn k a dalch uchaze ke vzdlvn</p>\n\n<p>Zkona . 561/2004 Sb. v platnm znn, (kolsk zkon)<br />\nVyhlky . 671/2004 Sb., vplatnm znn, vyhlka . 353/2016 Sb.,  1 odst.7</p>\n\n<p>Zkon . 500/2004 Sb. v platnm znn (sprvn d)</p>\n\n<p>Nazen vldy . 211/2010 Sb. v platnm znn</p>\n\n<h4>POTEBUJETE PORADIT?</h4>\n\n<p><strong>matulova@primmat.cz</strong>- zizovatelka koly</p>\n\n<p><strong>zykmundova@primmat.cz</strong>- editelka koly </p>\n\n<p><a href=\"https://www.cermat.cz/\">www.cermat.cz</a></p>');
INSERT INTO `field_text` (`pages_id`, `data`) VALUES('1097', '<p>Seznam pijatch uchaze kola zveejn nejdve<ins><strong>19. kvtna 2021</strong></ins>pod registranm slem.</p>');
INSERT INTO `field_text` (`pages_id`, `data`) VALUES('1081', '<h1>Pprava na pijmac zkouky</h1>\n\n<p>Vzhledem k aktuln situaci v R se ppravn kurz k pijmacm zkoukm z matematiky, kter je kadoron na kolou realizovn, nekon.</p>');
INSERT INTO `field_text` (`pages_id`, `data`) VALUES('1082', '<p>Vytven bezpenho kolnho prosted je nezbytnm pedpokladem poskytovn vzdlvacch slueb.</p>\n\n<p>Prbn sledujeme vzjemn vztahy mezi ky koly, nen nm lhostejn jejich chovn, jednn a vystupovn. Spoluprce pedagog a rodi je nezbytnou soust preventivnho programu koly, jeho clem je chrnit nae ky a bt pipraveni pomoci v ppad podezen na ubliovn silnjch slabm.</p>\n\n<p>S tmto zmrem jsme vytvoili program proti ikanovn. Va informac se vdy budeme zabvat. Pomoc vm poskytne tdn uitel, koln preventista, editelka koly.</p>\n\n<p></p>\n\n<p><strong>Zkonn zstupci k by si mli vmat pedevm tchto monch signl ikanovn:</strong></p>\n\n<p>- za dttem nepichzej dom spoluci nebo jin kamardi;</p>\n\n<p>- dt nem kamarda, s nm by trvilo voln as, s nm by si telefonovalo apod.;</p>\n\n<p>- dt nen zvno na nvtvu k jinm dtem;</p>\n\n<p>- nechu dtte jt rno do koly (zvlt kdy dve mlo dt kolu rdo). Dt odkld odchod z domova, ppadn je na nm mono pozorovat i strach;</p>\n\n<p>- ztrta chuti k jdlu;</p>\n\n<p>- dt nechod do koly a ze koly nejkrat cestou, ppadn std rzn cesty, pros o odvoz autem;</p>\n\n<p>- dt chod dom ze koly hladov (agresoi mu berou svainu nebo penze na svainu);</p>\n\n<p>- usn s plem, m neklidn spnek, ki ze snu, nap. \"Nechte m!\";</p>\n\n<p>- dt ztrc zjem o uen a schopnost soustedit se na n;</p>\n\n<p>- dt bv doma smutn i apatick nebo se objevuj vkyvy nlad;</p>\n\n<p>- zmnky o mon sebevrad;</p>\n\n<p>- odmt svit se s tm, co ho trp;</p>\n\n<p>- dt d o penze, piem udv nevrohodn dvody (napklad opakovan k, e je ztratilo), ppadn doma krade penze;</p>\n\n<p>- dt npadn asto hls ztrtu osobnch vc;</p>\n\n<p>- dt je neobvykle, neekan agresivn k sourozencm nebo jinm dtem, projevuje i zlobu vi rodim;</p>\n\n<p>- dt si stuje na neurit bolesti bicha nebo hlavy, mon rno zvrac, sna se zstat doma;</p>\n\n<p>- sv zdravotn obte me pehnt, ppadn i simulovat (manipulace s teplomrem apod.);</p>\n\n<p>- dt se vyhb dochzce do koly;</p>\n\n<p>- dt se zdruje doma vce, ne mlo ve zvyku.</p>\n\n<p></p>\n\n<p><strong>Pedpokladem spnho zvldn studijnch nrok je pravideln dochzka ka do koly.</strong></p>\n\n<p>Minimalizovat zbytenou absence k ve vyuovn lze doshnout pouze zkou spoluprac koly a rodi ka.</p>\n\n<p></p>\n\n<p><strong>Nezbytnou soust kolnho du kad koly je prevence zkolctv.</strong></p>\n\n<p></p>\n\n<p><strong>Zkolctv - typ rizikovho chovn</strong></p>\n\n<p>Za zkolctv (chozen za kolu) je povaovna neomluven absence ka zkladn i stedn koly ve kole. Jedn se o pestupek, kterm k mysln zanedbv koln dochzku. Je chpno jako poruen kolnho du (pravidel stanovench kolou), souasn jde o poruen kolskho zkona, kter vymezuje povinnou koln dochzku. Nezdka je spojeno s dalmi typy rizikovho chovn, kter obvykle negativn ovlivuj osobnostn vvoj jedince.</p>\n\n<p>Prevence zkolctv je soust kolnho du, koln dochzku eviduje tdn uitel a v ppad podezen na zkolctv se obrac na zkonnho zstupce nezletilho ka, nebo me podat o spoluprci vcn pslun sprvn orgn.</p>\n\n<p>Prevence zkolctv, zpsob omlouvn neptomnosti k, een neomluven neptomnosti a postup zastnnch subjekt je oeten Metodickm pokynem MMT K jednotnmu postupu pi uvolovn a omlouvn k z vyuovn, prevenci a postihu zkolctv vydanm pod .j. 10 194/2002 14.</p>\n\n<p>koly si upravuj postup pro ppady zkolctv intern, take se li v potu neomluvench hodin, kter jsou ji vymezovny jako poruen kolnho du a jsou obvykle postihovny kzesky(nap. napomenut, dtky, podmnen vylouen, snen znmka z chovn).</p>\n\n<p>Zkolctvm bv oznaovn pestupek ka, kter mysln zanedbv nvtvu koly.</p>\n\n<p></p>\n\n<p><strong>Kategori zkolctv:</strong></p>\n\n<p>Prav zkolctv k se ve kole neukazuje, ale rodie si mysl, e do koly chod</p>\n\n<p>Zkolctv s vdomm rodi na tto form se podl nkolik typrodi, jejich hlavnmi charakteristikami je bu odmtav postoj ke kole nebo plin slabost ve vztahu k dtti i zvislosti na pomoci a podpoe dtte v domcnosti...</p>\n\n<p>Zkolctv s klamnm rodi- existuj dti, kter dokou pesvdit rodie o svch zdravotnch obtch, pro kter nemohou jt do koly a rodie jim absenci omlouvaj pro tyto zdravotn dvody, tento typ zkolctv je vak obtn rozliiteln od zkolctv s vdomm rodi.</p>\n\n<p>tky ze koly nkdy se tomuto typu k intern zkolctv, kdy ci do koly pijdou, nechaj si zapsat ptomnost a bhem vyuovn na nkolik hodin odejdou, piem zstvaj v budov koly nebo ji na krtkou dobu opust.</p>\n\n<p>Odmtn koly nkterm typm k in pedstava koln dochzky psychick obte, nap. v dsledku problm ve kole.</p>');
INSERT INTO `field_text` (`pages_id`, `data`) VALUES('1083', '<p><strong>kolsk rada -<a	href=\"/site/assets/files/1083/skolska-rada-primmat.docx\">ke staen zde</a>.</strong></p>\n\n<p><strong>Veden distann vuky -<a	href=\"/site/assets/files/1083/dodatek-c.docx\">ke staen zde</a>.</strong></p>\n\n<p><strong>Organizace kolnho roku 2020/2021 -<a	href=\"/site/assets/files/1083/organizaci-skolniho-roku-2020-2021.docx\">ke staen zde.</a></strong></p>\n\n<p><strong>koln d-<a	href=\"/site/assets/files/1083/skolni-rad.docx\" target=\"_blank\" rel=\"noreferrer noopener\">ke staen zde</a>.</strong></p>\n\n<p><strong>Pravidla pro hodnocen vzdlvn na S -<a	href=\"/site/assets/files/1083/pravidla-pro-hodnoceni-vysledku-vzdelavani.docx\">ke staen zde</a>.</strong></p>\n\n<p><strong>Postup pi omlouvn neptomnosti ve vyuovn -<a	href=\"/site/assets/files/1083/omlouvani_nepritomnosti_ve_vyucovani.pdf\" target=\"_blank\" rel=\"noreferrer noopener\">ke staen zde.</a></strong></p>\n\n<p><strong>Tiskopisy pihlek ke studiu -<a href=\"http://www.msmt.cz/vzdelavani/stredni-vzdelavani/tiskopisy-prihlasek-ke-strednimu-vzdelavani-a-vzdelavani-v\" target=\"_blank\" rel=\"noreferrer noopener\">ke staen ze strnek MMT.</a></strong></p>\n\n<p><strong>Europass -<a	href=\"/site/assets/files/1083/edo-63-41-m-01-ekonomika-a-podnikani-_denni-studium_-cestina-19-20.pdf\" target=\"_blank\" rel=\"noreferrer noopener\">etina</a>,<a	href=\"/site/assets/files/1083/edo-63-41-m-01-ekonomika-a-podnikani-_denni-studium_-anglictina-19-20.pdf\" target=\"_blank\" rel=\"noreferrer noopener\">Anglitina</a>,<a	href=\"/site/assets/files/1083/edo-63-41-m-01-ekonomika-a-podnikani-_denni-studium_-nemcina-19-20.pdf\" target=\"_blank\" rel=\"noreferrer noopener\">Nmina</a>.</strong></p>\n\n<p><strong>Informace o ochran osobnch daj (GDPR) -<a	href=\"/site/assets/files/1083/gdpr.pdf\" target=\"_blank\" rel=\"noreferrer noopener\">ke staen zde.</a></strong></p>\n\n<p><strong>dost o platbu kolnho - msn -<a	href=\"/site/assets/files/1083/zadost-o-mesicni-platbu-predpisu-skolneho.odt\">ke staen zde</a>.</strong></p>\n\n<p><strong>Potvrzeni o studiu - ad prce -<a	href=\"/site/assets/files/1083/potvrzeni-o-studiu-urad-prace.pdf\">ke staen zde</a>.</strong></p>\n\n<p><strong>Potvrzen o studiu - koln-<a	href=\"/site/assets/files/1083/potvrzeni-o-studiu-skolni.pdf\">ke staen zde</a>.</strong></p>\n\n<p><strong>dost o uvoln z TV-<a	href=\"/site/assets/files/1083/zadost-o-uvoleni-z-tv.odt\">ke staen zde</a>.</strong></p>\n\n<p><strong>Pedbn pihlka -<a	href=\"/site/assets/files/1083/predbezna-prihlaska-formular-a5.pdf\">ke staen zde</a>.</strong></p>\n\n<p><strong>Doporuen Krajsk hygienick stanice Moravskoslezskho kraje se sdlem v Ostrav k aktuln epidemiologick situaci -<a href=\"https://www.primmat.cz/dokumenty/informace-ke-koronaviru-pro-%C5%A1koly-a-%C5%A1kolsk%C3%A1-za%C5%99%C3%ADzen%C3%AD-v-msk.pdf\" target=\"_blank\" rel=\"noreferrer noopener\">ke staen zde</a>.</strong></p>');
INSERT INTO `field_text` (`pages_id`, `data`) VALUES('1084', '<h1>Maturitn zkouka ve kolnm roce 2020/21</h1>\n\n<p><strong>Obor:</strong></p>\n\n<p>63-41-M/01 Podnikn veuroregionu a sluby vcestovnm ruchu(tylet denn studium)</p>\n\n<p>63-41-M/02 Podnikn veuroregionu a pozemn stavitelstv(tylet denn studium)</p>\n\n<p>63-41-M/03 Podnikn veuroregionu a internetov sluby a aplikace (tylet denn studium)</p>\n\n<h2>Harmonogram maturitnch zkouek</h2>\n\n<p><strong>Jarn zkuebn obdob</strong></p>\n\n<table><tbody><tr><td>Uzvrka podn pihlek ky editelm kol</td>\n			<td>01. 12. 2020</td>\n		</tr><tr><td>Uzvrka podn pihlek editeli kol do CZVV</td>\n			<td>15. 12. 2020</td>\n		</tr><tr><td>Dny volna k pprave na MZ</td>\n			<td>21. 05. 2021, 26.  31. 05. 2021</td>\n		</tr><tr><td>Testov prce</td>\n			<td>24. 5. 2021/ M, ANJ<br />\n			25. 5. 2021/ JL<br />\n			7. 6. 2021 - vsledky DT</td>\n		</tr><tr><td>Psemn prce</td>\n			<td>se nekonaj</td>\n		</tr><tr><td>stn maturitn zkouka, obhajoby P4.A</td>\n			<td>01. 06. 2021  07. 06. 2021</td>\n		</tr><tr><td>Praktick psemn zkouka z etnictv</td>\n			<td>20. 05. 2021</td>\n		</tr><tr><td>Pedvn maturitnho vysvden</td>\n			<td>14. 06. 2021</td>\n		</tr></tbody></table><p><br /><strong>Podzimn zkuebn obdob</strong></p>\n\n<table><tbody><tr><td>Uzvrka podn pihlek ky editelm kol</td>\n			<td>23. 07. 2021</td>\n		</tr><tr><td>Uzvrka podn pihlek editeli kol do CZVV</td>\n			<td>30. 07. 2021</td>\n		</tr><tr><td>Testov a psemn prce</td>\n			<td>01. 09. 2021  10. 09. 2021</td>\n		</tr><tr><td>Obdob konn zkouek profilov sti</td>\n			<td>z 2021</td>\n		</tr><tr><td>Obdob konn stnch zkouek spolen sti</td>\n			<td>z 2021</td>\n		</tr></tbody></table><h2><br />\nPihlka k maturitn zkouce</h2>\n\n<p><br /><strong>Pihlky se podvaj do 1. prosince 2020</strong>. Pihlky budete vyplovat jednotn stdnm<br />\nuitelem po domluv na termnu a hodin.<br /><br />\nPihlka k<strong>DN, OPRAVN</strong>maturitn zkouce -<a	href=\"/site/assets/files/1084/prihlaska-k-mz-_1_-verze-2.docx\">zde</a>.<br />\nTermn podn pihlkypro opravn termn<strong>je 1. 12. 2020</strong>, zkouky se budou konat vjarnm<br />\nzkuebnm obdob 2021.<strong>Pihlkuje nutno vytisknou, vyplnit, podepsat a poslat potou</strong><br /><strong>(nikoli e-mailem).</strong></p>\n\n<h3><br />\ndost o pezkoumn</h3>\n\n<p><br />\n- zkouky spolen sti maturitn zkouky konan formou DIDAKTICKHO TESTU -<a	href=\"/site/assets/files/1084/odvolani-mz-msmt.pdf\">zde</a>.</p>\n\n<p><br /><strong>Spolen st /sttn/ maturitn zkouky</strong></p>\n\n<p>Povinn zkouky</p>\n\n<ol><li> esk jazyk a literatura (didaktick test)</li>\n	<li> Voliteln zkouka - Anglick jazyk (didaktick test) nebo Matematika (didaktick test)</li>\n</ol><p></p>\n\n<p></p>\n\n<p><strong>Profilov st maturitn zkouky</strong></p>\n\n<p>Povinn zkouky</p>\n\n<p><strong>Ekonomika a podnikn, 6341M/01, zamen na podnikn veuroregionu a sluby v cestovnm ruchu</strong></p>\n\n<ol><li>Podnikatelstv  souhrnn zkouka</li>\n	<li>Geografie a cestovn ruch</li>\n	<li>esk jazyk a literatura  stn st -<a	href=\"/site/assets/files/1084/mz-cjl.docx\">zde</a>, zkouka dobrovoln</li>\n	<li>Kritria hodnocen stn profilov zkouky z JL -<a	href=\"/site/assets/files/1084/kriteria-hodnoceni-ustni-zkousky-z-cjl.docx\">zde</a>.</li>\n	<li>Anglick jazyk  stn st, pokud si k nezvolil ve volitelnm povinnm pedmtu matematiku, zkouka dobrovoln.</li>\n	<li>Kritria hodnocen stn profilov zkouky z ANJ -<a	href=\"/site/assets/files/1084/anj-kriteria-hodnoceni-mz2021.docx\">zde</a>.</li>\n	<li>Praktick zkouka z odbornch pedmt  obhajoba podnikatelskho zmru, obhajoba itinere zjezdu.</li>\n	<li>Kritria hodnocen praktick zkouky -<a	href=\"/site/assets/files/1084/maturitni-prace-pravidla-hodnoceni.docx\">zde</a>.</li>\n</ol><p></p>\n\n<p><strong>Ekonomika a podnikn, 6341M/01, zamen na podnikn veuroregionu a pozemn stavitelstv</strong></p>\n\n<ol><li>Podnikatelstv  souhrnn zkouka</li>\n	<li>Pozemn stavitelstv</li>\n	<li>esk jazyk a literatura  stn st -<a	href=\"/site/assets/files/1084/mz-cjl.docx\">zde</a>, zkouka dobrovoln.</li>\n	<li>Kritria hodnocen stn profilov zkouky z JL -<a	href=\"/site/assets/files/1084/kriteria-hodnoceni-ustni-zkousky-z-cjl.docx\">zde</a>.</li>\n	<li>Anglick jazyk  stn st, pokud si k nezvolil ve volitelnm povinnm pedmtu matematiku, zkouka dobrovoln.</li>\n	<li>Kritria hodnocen stn profilov zkouky z ANJ -<a	href=\"/site/assets/files/1084/anj-kriteria-hodnoceni-mz2021.docx\">zde</a>.</li>\n	<li>Praktick zkouka z odbornch pedmt  obhajoba podnikatelskho zmru, obhajoba stavebnho projektu.</li>\n	<li>Kritria hodnocen praktick zkouky -<a	href=\"/site/assets/files/1084/maturitni-prace-pravidla-hodnoceni.docx\">zde</a>.</li>\n</ol><p></p>\n\n<p><strong>Ekonomika a podnikn, 6341M/01, zamen na podnikn veuroregionu a internetov sluby a aplikace</strong></p>\n\n<ol><li>Podnikatelstv  souhrnn zkouka</li>\n	<li>Programovn</li>\n	<li>esk jazyk a literatura  stn st-<a	href=\"/site/assets/files/1084/mz-cjl.docx\">zde</a>, zkouka dobrovoln.</li>\n	<li>Kritria hodnocen stn profilov zkouky z JL -<a	href=\"/site/assets/files/1084/kriteria-hodnoceni-ustni-zkousky-z-cjl.docx\">zde</a>.</li>\n	<li>Anglick jazyk  stn st, pokud si k nezvolil ve volitelnm povinnm pedmtu matematiku, zkouka dobrovoln.</li>\n	<li>Kritria hodnocen stn profilov zkouky z ANJ -<a	href=\"/site/assets/files/1084/anj-kriteria-hodnoceni-mz2021.docx\">zde</a>.</li>\n	<li>Praktick zkouka z odbornch pedmt  obhajoba podnikatelskho zmru, obhajoba webovho projektu.</li>\n	<li>Kritria hodnocen praktick zkouky -<a	href=\"/site/assets/files/1084/maturitni-prace-pravidla-hodnoceni.docx\">zde</a>.</li>\n</ol>');
INSERT INTO `field_text` (`pages_id`, `data`) VALUES('1085', '<h1>Poradensk sluby</h1>\n\n<p><strong>POTEBUJETE PORADIT?</strong></p>\n\n<p>editelka koly: Mgr. Eva Zykmundov,<a href=\"mailto:zykmundova@primmat.cz\">zykmundova@primmat.cz</a></p>\n\n<p>zizovatelka, jednatelka koly: Mgr. Ivana Matulov,<a href=\"mailto:matulova@primmat.cz\">matulova@primmat.cz</a></p>\n\n<p></p>\n\n<p><strong>KONZULTAN HODINY</strong></p>\n\n<p>pro koln rok 2020/2021</p>\n\n<table><tbody><tr><td><strong>Pedagog</strong></td>\n			<td><strong>Den</strong></td>\n			<td><strong>Hodina</strong></td>\n		</tr><tr><td>Mgr. Tom Kopec</td>\n			<td>Pondl</td>\n			<td>14:10</td>\n		</tr><tr><td>Ing. Pemysl Pilch</td>\n			<td>Steda</td>\n			<td>14:10</td>\n		</tr><tr><td>Mgr. Magda Kanalov</td>\n			<td>Pondl</td>\n			<td>14:05</td>\n		</tr><tr><td>Ing. Yvetta Fickov</td>\n			<td>tvrtek</td>\n			<td>14:05</td>\n		</tr><tr><td>Ing. Monika Kovrov</td>\n			<td>tvrtek</td>\n			<td>14:05</td>\n		</tr><tr><td>Mgr. et Mgr. Romana Pinkavov</td>\n			<td>Pondl</td>\n			<td>14:05</td>\n		</tr><tr><td>Ing., Mgr. Lenka Kotskov</td>\n			<td>tvrtek</td>\n			<td>14:05</td>\n		</tr><tr><td>p. Patrik Holi</td>\n			<td>ter</td>\n			<td>14:05</td>\n		</tr><tr><td>Ing. Michaela Sic</td>\n			<td>Pondl</td>\n			<td>14:05</td>\n		</tr><tr><td>Mgr. Eva Zykmundov</td>\n			<td>Steda</td>\n			<td>14:10</td>\n		</tr></tbody></table><p></p>\n\n<p>Monost individuln domluvy termnu.</p>\n\n<h3>koln metodik prevence, vchovn poradce</h3>\n\n<p>Ob funkce na kole zastv Mgr. Eva Zykmundov</p>\n\n<p><strong>Konzultan hodiny ve kolnm roce 2020/2021:</strong></p>\n\n<p>     MP                VP<br />\npondl 14:00 -16:00  pondl 7:40 - 8:00<br />\ntvrtek 7:40 - 8:00    tvrtek 14:00 - 16:00</p>\n\n<p><strong>Konzultan hodiny pro ky u jednotlivch pedagog</strong></p>\n\n<p>Funkci kolnho metodika prevence na kole zastv Mgr. Eva Zykmundov.</p>\n\n<p></p>\n\n<p>Konzultace po pedchoz domluv v jinou dobu (telefonicky, emailem):<br /><strong>tel.:</strong>558436 312<br /><strong>email</strong>: zykmundova@primmat.cz<br />\n      sekretariat@primmat.cz</p>\n\n<h4>Mete vyut slueb:</h4>\n\n<ul><li>Pedagogicko-psychologick poradna Frdek-Mstek:<strong>www.pppfm.unas.cz</strong>, tel. 558 43 20 84</li>\n	<li>PR - zemn odbory Frdek-Mstek:<strong>krfm@mvcr.cz</strong>, tel. 974 732 111</li>\n	<li>Preventivn a informan skupina:<strong>fmpis@mvcr.cz</strong>, 974 732 207</li>\n	<li>Krizov linka IPPP R - Krizov telefonn linka k ikan pro uitele, ky a jejich rodie: tel. 286 881 059, mobil 774 089 181</li>\n	<li>Centrum nov nadje:<strong>www.cnnfm.cz</strong>, tel. 558 629 223</li>\n	<li>Renarkon:<strong>www.renarkon.cz</strong>, tel. 596 611 796.</li>\n</ul>');
INSERT INTO `field_text` (`pages_id`, `data`) VALUES('1093', '<p><strong>PrimMat - Soukrom stedn kola podnikatelsk, s.r.o.</strong></p>\n\n<p>eskoslovensk armdy 482<br />\n738 01 Frdek-Mstek</p>\n\n<p>tel./fax: +420 558 436 312<br />\nmobil: +420 604 101 787<br />\nemail:<a href=\"mailto:sekretariat@PrimMat.cz\">sekretariat@PrimMat.cz</a><br />\nweb:www.PrimMat.cz</p>\n\n<p>Datov schrnka: 3pcuq2h</p>\n\n<p>I: 25376357<br />\nDI: CZ25376357<br />\nIZO: 045 235 686<br />\nREDIZO: 600016358</p>\n\n<p>slo tu koly:101904105/2250</p>\n\n<p>kola je vedena v obchodnm rejstku KS Ostrava, oddl C, vloka 16294</p>');
INSERT INTO `field_text` (`pages_id`, `data`) VALUES('1074', '<p>Clov vize smuje k tomu, aby stedn kola PrimMat byla vnmna veejnost jako jedinen stedn odborn podnikatelsk kola s absolventy, kte jsou pnosem pro region.</p>\n\n<p>Soust vzdlvac koncepce koly jsou studentsk een relnch zadn z praxe, jako i praktick forma vzdlvn, kter je realizovna v prbhu 3. ronku, ve cvinch studentskch firmch. kola tm podporuje rozvoj kreativity a podnikavosti svch k, jejich dovednosti praktickch aplikac teoretickch znalost ji v prbhu studia.</p>');
INSERT INTO `field_text` (`pages_id`, `data`) VALUES('1094', '<p>Vnvaznosti na opaten obecn povahy MMT ze dne 5. 1. 2021 editelka koly dodaten rozhodla o nekonn koln pijmac zkouky vrmci 1. kola pijmacho zen pro koln rok 2021/2022.</p>\n\n<p><strong>Pokud nedojde ke zmnm ze strany MMT, seznam pijatch uchaze zveejnme nejdve 28. 4. 2021 na webovch strnkch koly.</strong></p>\n\n<p>Mgr. Eva Zykmundov</p>\n\n<p>editelka koly</p>');
INSERT INTO `field_text` (`pages_id`, `data`) VALUES('1095', '<p>PrimMat  Soukrom stedn kola podnikatelsk, s.r.o., je za eskou republiku zapojena do realizace mezinrodnho projektu vrmci programu Erasmus+ na podporu a rozvoj podnikatelskho vzdlvn a mylen k stednch kol. Projekt je realizovn pti stty: Belgie, esk republika, Turecko, Rumunsko, Bulharsko.</p>\n\n<p>Projekt je financovn Evropskou uni vrmci programu Erasmus+.</p>\n\n<p>vce na<a href=\"https://www.primmat.cz/o-skole/evropske-projekty/\">strnce s projekty</a>.</p>\n\n<p></p>');

DROP TABLE IF EXISTS `field_text2`;
CREATE TABLE `field_text2` (
  `pages_id` int(10) unsigned NOT NULL,
  `data` mediumtext NOT NULL,
  PRIMARY KEY (`pages_id`),
  KEY `data_exact` (`data`(250)),
  FULLTEXT KEY `data` (`data`)
) ENGINE=MyISAM DEFAULT CHARSET=utf8;

INSERT INTO `field_text2` (`pages_id`, `data`) VALUES('1040', '<p>Novtorstv koly spovalo tak v zaveden<strong>vlastnho odbornho pedmtu Podnikatelstv</strong>(jeden z maturitnch pedmt) do sv stedokolsk vuky, kter m tsnou vazbu na ostatn odborn pedmty. Soust vzdlvac koncepce jsou studentsk een relnch zadn z praxe, jako i praktick forma vzdlvn, kter je realizovna v prbhu 3. ronku, ve cvinch studentskch firmch. kola tm podporuje rozvoj kreativity a podnikavosti svch k, jejich dovednost prakticky aplikovat teoretick znalosti ji v prbhu studia. Praktick dovednosti jsou dle rozvjeny ptitdenn prax k v nvaznosti na studijn obor a zvolen studijn zamen v partnerskch firmch. Za elem zkvalitovn odbornch i jazykovch kompetenc k je pro zjemce zajiovna souvisl zahranin praxe v hotelovm komplexu u moe.</p>\n\n<p>Vuka na S PrimMat je podpoena potebnm vybavenm a zzemm  dv uebny IT, dataprojektory a PC ve tdch, interaktivn tabule, penosn notebooky pro pedagogy, mobiln zazen do vuky ve tdch , do vech pedmt vlastn studijn materily, kter ci vyuvaj tak k domc pprav a samostudiu, odbornci z praxe ve vuce odbornch pedmt, pprava zjemc na mezinrodn jazykov certifikty, cvien z matematiky pro zjemci o nsledn V studium technickho smru, spoluprce s vysokmi kolami v regionu, s partnerskmi firmami. Jsou realizovny projekty na podporu modernizace vuky s popdporou ICT, kvalitnho jazykovho, matematickho, odbornho vzdlvn. Projekty jsou spolufinancovny Evropskch socilnm fondem a sttnm rozpotem esk republiky.</p>\n\n<p>kola se me pochlubit adou spch v odbornch, spoleenskovdnch, jazykovch i sportovnch soutch na rovni regionu, R, i v soutch mezinrodnch. Nemn cenn je kladn hodnocen S PrimMat jejmi absolventy, kte svm hlasovnm umstili svoji stedn na eln msto v Moravskoslezskm kraji. Vme si toho, e nai absolventi svmi podnikatelskmi aktivitami vytvoili na trhu prce pes 250 pracovnch mst a e  jej dobr jmno tak v zahrani.</p>\n\n<p>Stedn kola PrimMat sdl ve vlastn budov, kde vldne pohodov a ptelsk atmosfra, partnersv, respektovnm osobnosti ka, nronost a vstcnost pedagog.</p>\n\n<h3>Hodnocen vzdlvn eskou koln inspekc</h3>\n\n<p>Sloen a zaujet pedagogickho sboru pro svou prci umouje nadstandardn podporovat vestrann rozvoj osobnosti k. Materiln technick podmnky pro realizaci cl vzdlvn jsou na standardn rovni.</p>\n\n<p>kola se zapojila do ady program a projekt. V souladu splnem rozvoje avlastnm hodnocenm urovala finann priority dle svch rozpotovch monost. Vhodn vyuvala projekt spolufinancovanch zESF, grant adalch zdroj kfinancovn poteb vhlavn innosti.</p>\n\n<p>VP zohleduj reln podmnky a monosti koly. Organizace vzdlvn, metody aformy vuky vytv nadstandardn podmnky pro vzdlvn k.</p>\n\n<p>Vuka i realizovan aktivity nadstandardn podporuj rozvoj funknch gramotnost sdrazem na klov kompetence k.</p>');
INSERT INTO `field_text2` (`pages_id`, `data`) VALUES('1041', '<p><strong>NAE STRATEGIE</strong><br />\n1. Aktualizace vzdlvn v souladu s poadavky internmi i s poadavky zven.<br />\n2. Organizace vuky s drazem na ka.<br />\n3. Rozvoj kreativity ka s podporou digitlnch technologi.<br />\n4. Schopnost ka pracovat s informacemi, rozvoj kritickho mylen, kreativity, logickho uvaovn, mylen v souvislostech, digitln gramotnosti. Preference kvality nad kvantitou.<br />\n5. Promtat ciz jazyk do profesn pipravenosti.<br />\n6. Zkvalitovat ICT kompetence pesahem do jednotlivch pedmt.<br />\n7. Mnohem mn memorovat, mnohem vce uit sbrat, tdit, vyhodnocovat, zpracovvat a vyuvat informace.<br />\n8. Pokraovat ve zlepovn technickho zzem.<br />\n9. Pipravit absolventy bt adaptabiln na zmny trhu prce, nauit je dovednostem, kter v budoucnu budou rozhodovat o kvalit jejich ivota.</p>\n\n<p><strong>ORGANIZAN OPATEN</strong><br />\n1. Vyuvn on-line prosted ve vuce, domc pprav, v realizaci progresivnch forem vuky.<br />\n2. Aktivity na podporu vuky  exkurze, besedy, praxe ve firmch, spoluprce s odbornky z praxe, zahranin st, een praktickch kol z relu.<br />\n3. Zapojen pedagog do naplovn koln strategie:<br />\n3.1 Projektov a PR innost<br />\n- organizace projekt, mimokoln aktivity, spoluprce s partnery<br />\n- propagace koly, realizace aktivit na podporu en povdom o kole<br />\n3.2 Spoluprce pedagog, metodickch sdruen, profesn vzdlvn<br />\n- aktualizace VP se zohlednnm vvoje koly, priorit ve vuce<br />\n- integrace veobecn ICT do jednotlivch pedmt<br />\n- propojovn stynch bod rznch pedmt ve vuce a jejich vyuvn k lepmu pochopen irch logickch celk a praktick uchopitelnosti pro ka<br />\n4. Zapojen k do ivota koly<br />\n- kovsk projekty, propagace koly</p>\n\n<p><strong>LIDSK ZDROJE</strong><br />\nPokud m bt stanovenho cle koly dosaeno, je nutnost vech uitel se s nm ztotonit, realizovat a zkoordinovat poadovan aktivity.<br />\nVeden koly m zjem podporovat uitele v jejich doucm profesnm rozvoji.</p>\n\n<p>Od uitel je vyadovn respekt k km, proces vuky je zaloen na partnerstv, ve kterm ci projevuj pirozen respekt k uiteli a uitel respektuj jedinenou osobnost ka.<br />\nOd k je dsledn vyadovno slun jednn, chovn, dodrovn termn, je kladen draz na zodpovdnost, jsou uplatovny potebn nroky.</p>\n\n<p><strong>VUKOV METODY za elem naplnn vize koly</strong>:<br />\n1. Uitel motivuje a zapaluje ky pro vuku, vzdlvn se.<br />\n2. Vuka je organizovna s drazem na ka, na jeho individuln poteby, rozvoj nadn a schopnost, dovednost.<br />\n3. Vuka s podporou digitlnch technologi.<br />\n4. Rozvoj kreativity pi een kol a problmu, samostatnch prac.<br />\n5. Draz na multimediln vstupy k a uitel.<br />\n6. Dovednosti spojen s vyhledvnm informac, tdnm informac, jejich vyhodnocovnm, zpracovvnm, prezentac, archivovnm pro pozdj pouit.<br />\n7. Prce s informace v rmci novch forem vuky.<br />\n8. Vhodn zaazovn cizho jazyka do vuky vybranch pedmt.<br />\n9. Draz na individuln a kolektivn prezentaci zskanch dovednost a znalost multimedilnmi nstroji. Spolen hodnocen vstup.<br />\n10. Rozvoj kritickho mylen a jeho uplatovn ve vukovm procesu a kadodennch ivotnch situacch.</p>\n\n<p><strong>ZKLADN ZSADY KODEXU UITELE S PrimMat</strong>:<br />\n1. Respektuje vizi zizovatele.<br />\n2. Vol vzdlvac postupy a formy vuky k naplnn:<br />\na) vybavit ky klovmi kompetencemi,<br />\nb) vybavit ky potebnm odbornm vzdlvacm zkladem,<br />\ne) pipravit ky k celoivotnmu uen, profesnmu uplatnn,<br />\nd) vzdlvac a vchovn proces povauje za rovnocenn,<br />\ne) proml motivaci k, je vzorem pro sv ky,<br />\nf) podporuje kreativitu k, rozvj jejich nadn, schopnosti a dovednosti.<br />\n3. Postupuje diferencovan, zejmna ke slabm km a tm, kte z nejrznjch<br />\ndvod zstali pozadu. Tmto km se vnuje po vuce.<br />\n4. V maximln me je loajln ke svmu zamstnavateli, jeho pokyny se d<br />\na to i v ppadech, kdy se s nimi zcela neztotouje.<br />\n5. Pi vchovnm a vzdlvacm procesu, dve, neli pouije jakkoli postih i sankci,<br />\nerp ze vech monost dostupnch pozitivnch motivanch stimul.<br />\n6. Pedagogick pracovnk pistupuje ke svmu povoln profesionln, ke sv prci odpovdn,<br />\ns maximlnm nasazenm, je pln odpovdn za kvalitu vuky, vchovy, za bezpenost svench k.<br />\n6. Pedagogick pracovnk se neustle vzdlv.</p>');
INSERT INTO `field_text2` (`pages_id`, `data`) VALUES('1042', '<h2>Pro studovat na PrimMat - Soukrom stedn kole podnikatelsk, s.r.o.?</h2>\n\n<ul><li>kvalitn vzdln = nae priorita, vae sprvn volba</li>\n	<li>dv profese = dvojnsobn mra uplatnn na trhu prce, vhoda pi dalm vbru studia na V</li>\n	<li>vzdlvac program PrimMat dle aktulnch poadavk a poteby zamstnavatel, spoluprce koly s firmami</li>\n	<li>opakovan spnost k v odbornch soutch (Olympida z etnictv, Soute pro S stavebnho zamen vyhlaovan stav. firmami (nap. firmou Ytong), opakovan pedn umstn v odbornch soutch studentskch cvinch firem na rovni regionu, kraje, R, i s mezinrodn ast ...)</li>\n	<li>draz kladen na kvalitu vuky cizch jazyk (AJ/NJ), pprava k na mezinrodn certifikty</li>\n	<li>informace pro rodie o prospchu ka dostupn pes internet</li>\n	<li>tradice koly v ekonomicko-podnikatelskm vzdlvn k od roku 1992</li>\n	<li>POHODOV KOLN KLIMA</li>\n	<li>individuln pstup, pomoc pedagog ... kad k dostv od ns nadstandardn servis</li>\n	<li>ron koln podle prospchovch kritri: 0  13 000 K, tj. pololetn 0 - 6.500,- K</li>\n	<li>Motivan prospchov kritria dle pololetnho prospchu ka:\n	<ul><li>prospch 1,00 - 1,20: 0 K</li>\n		<li>prospch 1,21 - 1,30: 2.000 K</li>\n		<li>prospch 1,31 - 1,40: 3.000 K</li>\n		<li>prospch 1,41 - 1,50: 4.000 K</li>\n		<li>prospch od 1,51 - 6.000 K / 6.500 K (6.500 K - 1. ronk nastupujci od kolnho roku 2020/2021)</li>\n	</ul></li>\n	<li>vzhledem k mimodnm opratenm v souvislosti s vskytem epidemie COVID-19 se bude ve kolnho pro 1. pololet kolnho roku 2020/2021 odvjet od prospchu za 1. pololet kolnho roku 2019/2020</li>\n	<li>praktick spoluprce se soc. partnery (souvisl zahranin praxe, nvrhy kovskch stavebnch projekt dle zadn proj. kancele, tvorba webovch prezentac)</li>\n	<li>PrimMat pat mezi realiztory projekt v rmci Operanho programu Vzdlvn pro konkurenceschopnost, kter pomhaj vytvet zzem pro efektivn modern vuku a kvalitn vzdlvn k PrimMat</li>\n	<li>Konkurenn vhoda dvouprofesnho vzdln absolvent PrimMat na trhu prce - obecn ekonomick a etn dovednosti rozen o zamen (cestovn ruch, pozemn stavitelstv, informatika) jako i vhoda pi volb vysokokolskho studia a jeho zvldn.</li>\n	<li>Vborn hodnocen absolventy koly -<strong>3. nejlep kola v rmci Moravskoslezskho kraje</strong>.</li>\n</ul>');

DROP TABLE IF EXISTS `field_thirdtitle`;
CREATE TABLE `field_thirdtitle` (
  `pages_id` int(10) unsigned NOT NULL,
  `data` mediumtext NOT NULL,
  PRIMARY KEY (`pages_id`),
  KEY `data_exact` (`data`(250)),
  FULLTEXT KEY `data` (`data`)
) ENGINE=MyISAM DEFAULT CHARSET=utf8;

INSERT INTO `field_thirdtitle` (`pages_id`, `data`) VALUES('1041', '<p>Co je u ns <strong>vhodou</strong>?</p>');

DROP TABLE IF EXISTS `field_title`;
CREATE TABLE `field_title` (
  `pages_id` int(10) unsigned NOT NULL,
  `data` text NOT NULL,
  PRIMARY KEY (`pages_id`),
  KEY `data_exact` (`data`(255)),
  FULLTEXT KEY `data` (`data`)
) ENGINE=MyISAM DEFAULT CHARSET=utf8;

INSERT INTO `field_title` (`pages_id`, `data`) VALUES('11', 'Templates');
INSERT INTO `field_title` (`pages_id`, `data`) VALUES('16', 'Fields');
INSERT INTO `field_title` (`pages_id`, `data`) VALUES('22', 'Setup');
INSERT INTO `field_title` (`pages_id`, `data`) VALUES('3', 'Pages');
INSERT INTO `field_title` (`pages_id`, `data`) VALUES('6', 'Add Page');
INSERT INTO `field_title` (`pages_id`, `data`) VALUES('8', 'Tree');
INSERT INTO `field_title` (`pages_id`, `data`) VALUES('9', 'Save Sort');
INSERT INTO `field_title` (`pages_id`, `data`) VALUES('10', 'Edit');
INSERT INTO `field_title` (`pages_id`, `data`) VALUES('21', 'Modules');
INSERT INTO `field_title` (`pages_id`, `data`) VALUES('29', 'Users');
INSERT INTO `field_title` (`pages_id`, `data`) VALUES('30', 'Roles');
INSERT INTO `field_title` (`pages_id`, `data`) VALUES('2', 'Admin');
INSERT INTO `field_title` (`pages_id`, `data`) VALUES('7', 'Trash');
INSERT INTO `field_title` (`pages_id`, `data`) VALUES('27', '404 Not Found');
INSERT INTO `field_title` (`pages_id`, `data`) VALUES('302', 'Insert Link');
INSERT INTO `field_title` (`pages_id`, `data`) VALUES('23', 'Login');
INSERT INTO `field_title` (`pages_id`, `data`) VALUES('304', 'Profile');
INSERT INTO `field_title` (`pages_id`, `data`) VALUES('301', 'Empty Trash');
INSERT INTO `field_title` (`pages_id`, `data`) VALUES('300', 'Search');
INSERT INTO `field_title` (`pages_id`, `data`) VALUES('303', 'Insert Image');
INSERT INTO `field_title` (`pages_id`, `data`) VALUES('28', 'Access');
INSERT INTO `field_title` (`pages_id`, `data`) VALUES('31', 'Permissions');
INSERT INTO `field_title` (`pages_id`, `data`) VALUES('32', 'Edit pages');
INSERT INTO `field_title` (`pages_id`, `data`) VALUES('34', 'Delete pages');
INSERT INTO `field_title` (`pages_id`, `data`) VALUES('35', 'Move pages (change parent)');
INSERT INTO `field_title` (`pages_id`, `data`) VALUES('36', 'View pages');
INSERT INTO `field_title` (`pages_id`, `data`) VALUES('50', 'Sort child pages');
INSERT INTO `field_title` (`pages_id`, `data`) VALUES('51', 'Change templates on pages');
INSERT INTO `field_title` (`pages_id`, `data`) VALUES('52', 'Administer users');
INSERT INTO `field_title` (`pages_id`, `data`) VALUES('53', 'User can update profile/password');
INSERT INTO `field_title` (`pages_id`, `data`) VALUES('54', 'Lock or unlock a page');
INSERT INTO `field_title` (`pages_id`, `data`) VALUES('1', 'Dom');
INSERT INTO `field_title` (`pages_id`, `data`) VALUES('1006', 'Use Page Lister');
INSERT INTO `field_title` (`pages_id`, `data`) VALUES('1007', 'Find');
INSERT INTO `field_title` (`pages_id`, `data`) VALUES('1010', 'Recent');
INSERT INTO `field_title` (`pages_id`, `data`) VALUES('1011', 'Can see recently edited pages');
INSERT INTO `field_title` (`pages_id`, `data`) VALUES('1012', 'Logs');
INSERT INTO `field_title` (`pages_id`, `data`) VALUES('1013', 'Can view system logs');
INSERT INTO `field_title` (`pages_id`, `data`) VALUES('1014', 'Can manage system logs');
INSERT INTO `field_title` (`pages_id`, `data`) VALUES('1015', 'Adminer');
INSERT INTO `field_title` (`pages_id`, `data`) VALUES('1016', 'Administer languages and static translation files');
INSERT INTO `field_title` (`pages_id`, `data`) VALUES('1017', 'Languages');
INSERT INTO `field_title` (`pages_id`, `data`) VALUES('1018', 'Default');
INSERT INTO `field_title` (`pages_id`, `data`) VALUES('1019', 'Language Translator');
INSERT INTO `field_title` (`pages_id`, `data`) VALUES('1020', 'obory-uvodni-stranka');
INSERT INTO `field_title` (`pages_id`, `data`) VALUES('1021', 'Zajm Vs podnikn a sluby v cestovnm ruchu?');
INSERT INTO `field_title` (`pages_id`, `data`) VALUES('1022', 'Zajm Vs podnikn a sluby v pozemnm stavitelstv?');
INSERT INTO `field_title` (`pages_id`, `data`) VALUES('1023', 'Zajm Vs podnikn a internetov sluby?');
INSERT INTO `field_title` (`pages_id`, `data`) VALUES('1024', 'Reference na hlavn strnce');
INSERT INTO `field_title` (`pages_id`, `data`) VALUES('1025', 'Jan Ryszawy');
INSERT INTO `field_title` (`pages_id`, `data`) VALUES('1026', 'Petra Martynkov');
INSERT INTO `field_title` (`pages_id`, `data`) VALUES('1027', 'Pavla Rov');
INSERT INTO `field_title` (`pages_id`, `data`) VALUES('1028', 'Lenka Strausov');
INSERT INTO `field_title` (`pages_id`, `data`) VALUES('1029', 'Andrea Demjanoviov');
INSERT INTO `field_title` (`pages_id`, `data`) VALUES('1030', 'aktuality');
INSERT INTO `field_title` (`pages_id`, `data`) VALUES('1031', 'PrimMat peje astn nov rok 2021');
INSERT INTO `field_title` (`pages_id`, `data`) VALUES('1032', 'Vnon dny oima student 1. ronku');
INSERT INTO `field_title` (`pages_id`, `data`) VALUES('1033', 'dleit upozornn');
INSERT INTO `field_title` (`pages_id`, `data`) VALUES('1037', 'Online veletrh Stednch kol Moravskoslezskho kraje');
INSERT INTO `field_title` (`pages_id`, `data`) VALUES('1040', 'o kole');
INSERT INTO `field_title` (`pages_id`, `data`) VALUES('1041', 'vize koly');
INSERT INTO `field_title` (`pages_id`, `data`) VALUES('1042', 'studijn obory');
INSERT INTO `field_title` (`pages_id`, `data`) VALUES('1043', 'pracovnci koly');
INSERT INTO `field_title` (`pages_id`, `data`) VALUES('1044', 'evropsk projekty');
INSERT INTO `field_title` (`pages_id`, `data`) VALUES('1045', 'PROGRESIVITA VZDLVN');
INSERT INTO `field_title` (`pages_id`, `data`) VALUES('1046', 'KOMUNIKACE');
INSERT INTO `field_title` (`pages_id`, `data`) VALUES('1047', 'SOUNLEITOST SE KOLOU');
INSERT INTO `field_title` (`pages_id`, `data`) VALUES('1048', 'PROFESIONALITA');
INSERT INTO `field_title` (`pages_id`, `data`) VALUES('1049', 'PEDAGOGICK ETIKA');
INSERT INTO `field_title` (`pages_id`, `data`) VALUES('1050', 'RESPEKTOVN PRAVIDEL');
INSERT INTO `field_title` (`pages_id`, `data`) VALUES('1051', 'Mgr. Eva Zykmundov');
INSERT INTO `field_title` (`pages_id`, `data`) VALUES('1052', 'Mgr. Ivana Matulov');
INSERT INTO `field_title` (`pages_id`, `data`) VALUES('1053', 'Mgr., Ing. Lenka Kotskov');
INSERT INTO `field_title` (`pages_id`, `data`) VALUES('1054', 'Ing. Yvetta Fickov');
INSERT INTO `field_title` (`pages_id`, `data`) VALUES('1055', 'Mgr. Ondej Marek');
INSERT INTO `field_title` (`pages_id`, `data`) VALUES('1056', 'Mgr. Tom Franek');
INSERT INTO `field_title` (`pages_id`, `data`) VALUES('1057', 'Ing. Monika Kovarov');
INSERT INTO `field_title` (`pages_id`, `data`) VALUES('1058', 'Mgr. et Mgr. Romana Pinkavov');
INSERT INTO `field_title` (`pages_id`, `data`) VALUES('1059', 'Mgr. Magda Kanalov');
INSERT INTO `field_title` (`pages_id`, `data`) VALUES('1060', 'Ing. Antonn Koblka');
INSERT INTO `field_title` (`pages_id`, `data`) VALUES('1061', 'Mgr. Tom Kopec');
INSERT INTO `field_title` (`pages_id`, `data`) VALUES('1062', 'Ing. Michaela Sic');
INSERT INTO `field_title` (`pages_id`, `data`) VALUES('1063', 'Ing. Pemysl Pilch');
INSERT INTO `field_title` (`pages_id`, `data`) VALUES('1064', 'Ing. Ludk Chovanec');
INSERT INTO `field_title` (`pages_id`, `data`) VALUES('1065', 'Marie Komrkov');
INSERT INTO `field_title` (`pages_id`, `data`) VALUES('1066', 'Pavel Tajdu');
INSERT INTO `field_title` (`pages_id`, `data`) VALUES('1067', 'Ing. Radek Michalk Ph.D.');
INSERT INTO `field_title` (`pages_id`, `data`) VALUES('1068', 'Mgr. Ji Karsek');
INSERT INTO `field_title` (`pages_id`, `data`) VALUES('1069', 'Mgr. Zdenk Matula');
INSERT INTO `field_title` (`pages_id`, `data`) VALUES('1070', 'Andrea Fajkusov');
INSERT INTO `field_title` (`pages_id`, `data`) VALUES('1071', 'Cestovn ruch');
INSERT INTO `field_title` (`pages_id`, `data`) VALUES('1072', 'Pozemn stavitelstv');
INSERT INTO `field_title` (`pages_id`, `data`) VALUES('1073', 'Internetov sluby');
INSERT INTO `field_title` (`pages_id`, `data`) VALUES('1074', 'Pro studovat PrimMat');
INSERT INTO `field_title` (`pages_id`, `data`) VALUES('1075', 'Praktick znalosti');
INSERT INTO `field_title` (`pages_id`, `data`) VALUES('1076', 'Individuln pstup');
INSERT INTO `field_title` (`pages_id`, `data`) VALUES('1077', 'irok uplatnn');
INSERT INTO `field_title` (`pages_id`, `data`) VALUES('1078', 'Pohodov koln klima');
INSERT INTO `field_title` (`pages_id`, `data`) VALUES('1079', 'Chci na PrimMat');
INSERT INTO `field_title` (`pages_id`, `data`) VALUES('1080', 'Pijmac zen');
INSERT INTO `field_title` (`pages_id`, `data`) VALUES('1081', 'Pprava na pijmac zkouky');
INSERT INTO `field_title` (`pages_id`, `data`) VALUES('1082', 'Pro studenty a rodie');
INSERT INTO `field_title` (`pages_id`, `data`) VALUES('1083', 'Dokumenty');
INSERT INTO `field_title` (`pages_id`, `data`) VALUES('1084', 'Maturita');
INSERT INTO `field_title` (`pages_id`, `data`) VALUES('1085', 'Poradensk sluby');
INSERT INTO `field_title` (`pages_id`, `data`) VALUES('1086', 'koln seznam literrnch dl k maturitn zkouce z eskho jazyka a literatury');
INSERT INTO `field_title` (`pages_id`, `data`) VALUES('1087', 'Okruhy pro MZ z anglickho jazyka');
INSERT INTO `field_title` (`pages_id`, `data`) VALUES('1088', 'Maruritn okruhy - Geografie a cestovn ruch');
INSERT INTO `field_title` (`pages_id`, `data`) VALUES('1089', 'Maturitn okruhy - ISA');
INSERT INTO `field_title` (`pages_id`, `data`) VALUES('1090', 'Maturitn tmata podnikatelstv intern. sluby');
INSERT INTO `field_title` (`pages_id`, `data`) VALUES('1091', 'Maturitn tmata podnikatelstv obchodnci');
INSERT INTO `field_title` (`pages_id`, `data`) VALUES('1092', 'Maturitn temata z pozemnho stavitelstv');
INSERT INTO `field_title` (`pages_id`, `data`) VALUES('1093', 'kontakt');
INSERT INTO `field_title` (`pages_id`, `data`) VALUES('1094', 'Dodaten rozhodnut  o nekonn koln pijmac zkouky');
INSERT INTO `field_title` (`pages_id`, `data`) VALUES('1095', 'V rmci projektu Erasmus+ se studenti na koly zamuj na aktivity cvin cestovn kancele \"CK PrimMat TOURS\"');
INSERT INTO `field_title` (`pages_id`, `data`) VALUES('1096', 'PrimMat, rodinn atmosfra, individuln pstup, kvalitn vuka. Nronost a vstcnost od roku 1992. Videoklip Zde.');
INSERT INTO `field_title` (`pages_id`, `data`) VALUES('1097', 'Informace k seznamu pijatch uchaze ke studiu.');
INSERT INTO `field_title` (`pages_id`, `data`) VALUES('1098', 'Data z formule');

DROP TABLE IF EXISTS `field_uplnynazevskoly`;
CREATE TABLE `field_uplnynazevskoly` (
  `pages_id` int(10) unsigned NOT NULL,
  `data` text NOT NULL,
  PRIMARY KEY (`pages_id`),
  KEY `data_exact` (`data`(250)),
  FULLTEXT KEY `data` (`data`)
) ENGINE=MyISAM DEFAULT CHARSET=utf8;

INSERT INTO `field_uplnynazevskoly` (`pages_id`, `data`) VALUES('1', 'PrimMat - Soukrom stedn kola podnikatelsk, s. r. o.');

DROP TABLE IF EXISTS `field_video`;
CREATE TABLE `field_video` (
  `pages_id` int(10) unsigned NOT NULL,
  `data` text NOT NULL,
  PRIMARY KEY (`pages_id`),
  KEY `data_exact` (`data`(250)),
  FULLTEXT KEY `data` (`data`)
) ENGINE=MyISAM DEFAULT CHARSET=utf8;

INSERT INTO `field_video` (`pages_id`, `data`) VALUES('1096', 'https://www.youtube.com/watch?v=nQU0_XMVgTg');

DROP TABLE IF EXISTS `fieldgroups`;
CREATE TABLE `fieldgroups` (
  `id` int(10) unsigned NOT NULL AUTO_INCREMENT,
  `name` varchar(250) CHARACTER SET ascii NOT NULL,
  PRIMARY KEY (`id`),
  UNIQUE KEY `name` (`name`)
) ENGINE=MyISAM AUTO_INCREMENT=112 DEFAULT CHARSET=utf8;

INSERT INTO `fieldgroups` (`id`, `name`) VALUES('2', 'admin');
INSERT INTO `fieldgroups` (`id`, `name`) VALUES('3', 'user');
INSERT INTO `fieldgroups` (`id`, `name`) VALUES('4', 'role');
INSERT INTO `fieldgroups` (`id`, `name`) VALUES('5', 'permission');
INSERT INTO `fieldgroups` (`id`, `name`) VALUES('1', 'home');
INSERT INTO `fieldgroups` (`id`, `name`) VALUES('83', 'onlyTitle');
INSERT INTO `fieldgroups` (`id`, `name`) VALUES('97', 'language');
INSERT INTO `fieldgroups` (`id`, `name`) VALUES('98', 'titleAndText');
INSERT INTO `fieldgroups` (`id`, `name`) VALUES('99', 'referenceAbsolvent');
INSERT INTO `fieldgroups` (`id`, `name`) VALUES('100', 'aktualita');
INSERT INTO `fieldgroups` (`id`, `name`) VALUES('101', 'aktuality');
INSERT INTO `fieldgroups` (`id`, `name`) VALUES('102', 'duleziteUpozorneni');
INSERT INTO `fieldgroups` (`id`, `name`) VALUES('103', 'duleziteUpozorneniPage');
INSERT INTO `fieldgroups` (`id`, `name`) VALUES('104', 'oskole');
INSERT INTO `fieldgroups` (`id`, `name`) VALUES('105', 'pracovnik');
INSERT INTO `fieldgroups` (`id`, `name`) VALUES('110', 'kontakt');
INSERT INTO `fieldgroups` (`id`, `name`) VALUES('107', 'obor');
INSERT INTO `fieldgroups` (`id`, `name`) VALUES('108', 'whyStudyUsPage');
INSERT INTO `fieldgroups` (`id`, `name`) VALUES('109', 'basicPage');
INSERT INTO `fieldgroups` (`id`, `name`) VALUES('111', 'formData');

DROP TABLE IF EXISTS `fieldgroups_fields`;
CREATE TABLE `fieldgroups_fields` (
  `fieldgroups_id` int(10) unsigned NOT NULL DEFAULT '0',
  `fields_id` int(10) unsigned NOT NULL DEFAULT '0',
  `sort` int(11) unsigned NOT NULL DEFAULT '0',
  `data` text,
  PRIMARY KEY (`fieldgroups_id`,`fields_id`)
) ENGINE=MyISAM DEFAULT CHARSET=utf8;

INSERT INTO `fieldgroups_fields` (`fieldgroups_id`, `fields_id`, `sort`, `data`) VALUES('2', '1', '0', NULL);
INSERT INTO `fieldgroups_fields` (`fieldgroups_id`, `fields_id`, `sort`, `data`) VALUES('3', '4', '2', NULL);
INSERT INTO `fieldgroups_fields` (`fieldgroups_id`, `fields_id`, `sort`, `data`) VALUES('4', '5', '0', NULL);
INSERT INTO `fieldgroups_fields` (`fieldgroups_id`, `fields_id`, `sort`, `data`) VALUES('5', '1', '0', NULL);
INSERT INTO `fieldgroups_fields` (`fieldgroups_id`, `fields_id`, `sort`, `data`) VALUES('3', '97', '3', NULL);
INSERT INTO `fieldgroups_fields` (`fieldgroups_id`, `fields_id`, `sort`, `data`) VALUES('83', '1', '0', NULL);
INSERT INTO `fieldgroups_fields` (`fieldgroups_id`, `fields_id`, `sort`, `data`) VALUES('1', '102', '2', NULL);
INSERT INTO `fieldgroups_fields` (`fieldgroups_id`, `fields_id`, `sort`, `data`) VALUES('3', '100', '4', NULL);
INSERT INTO `fieldgroups_fields` (`fieldgroups_id`, `fields_id`, `sort`, `data`) VALUES('97', '99', '2', NULL);
INSERT INTO `fieldgroups_fields` (`fieldgroups_id`, `fields_id`, `sort`, `data`) VALUES('97', '98', '1', NULL);
INSERT INTO `fieldgroups_fields` (`fieldgroups_id`, `fields_id`, `sort`, `data`) VALUES('3', '92', '1', NULL);
INSERT INTO `fieldgroups_fields` (`fieldgroups_id`, `fields_id`, `sort`, `data`) VALUES('2', '2', '1', NULL);
INSERT INTO `fieldgroups_fields` (`fieldgroups_id`, `fields_id`, `sort`, `data`) VALUES('1', '101', '1', NULL);
INSERT INTO `fieldgroups_fields` (`fieldgroups_id`, `fields_id`, `sort`, `data`) VALUES('98', '102', '1', NULL);
INSERT INTO `fieldgroups_fields` (`fieldgroups_id`, `fields_id`, `sort`, `data`) VALUES('1', '103', '3', NULL);
INSERT INTO `fieldgroups_fields` (`fieldgroups_id`, `fields_id`, `sort`, `data`) VALUES('97', '1', '0', NULL);
INSERT INTO `fieldgroups_fields` (`fieldgroups_id`, `fields_id`, `sort`, `data`) VALUES('3', '3', '0', NULL);
INSERT INTO `fieldgroups_fields` (`fieldgroups_id`, `fields_id`, `sort`, `data`) VALUES('98', '1', '0', NULL);
INSERT INTO `fieldgroups_fields` (`fieldgroups_id`, `fields_id`, `sort`, `data`) VALUES('1', '104', '4', NULL);
INSERT INTO `fieldgroups_fields` (`fieldgroups_id`, `fields_id`, `sort`, `data`) VALUES('98', '120', '2', NULL);
INSERT INTO `fieldgroups_fields` (`fieldgroups_id`, `fields_id`, `sort`, `data`) VALUES('100', '102', '1', NULL);
INSERT INTO `fieldgroups_fields` (`fieldgroups_id`, `fields_id`, `sort`, `data`) VALUES('99', '1', '0', NULL);
INSERT INTO `fieldgroups_fields` (`fieldgroups_id`, `fields_id`, `sort`, `data`) VALUES('99', '102', '1', NULL);
INSERT INTO `fieldgroups_fields` (`fieldgroups_id`, `fields_id`, `sort`, `data`) VALUES('100', '109', '2', NULL);
INSERT INTO `fieldgroups_fields` (`fieldgroups_id`, `fields_id`, `sort`, `data`) VALUES('1', '1', '0', NULL);
INSERT INTO `fieldgroups_fields` (`fieldgroups_id`, `fields_id`, `sort`, `data`) VALUES('101', '109', '2', NULL);
INSERT INTO `fieldgroups_fields` (`fieldgroups_id`, `fields_id`, `sort`, `data`) VALUES('102', '116', '5', NULL);
INSERT INTO `fieldgroups_fields` (`fieldgroups_id`, `fields_id`, `sort`, `data`) VALUES('102', '118', '4', NULL);
INSERT INTO `fieldgroups_fields` (`fieldgroups_id`, `fields_id`, `sort`, `data`) VALUES('103', '109', '1', NULL);
INSERT INTO `fieldgroups_fields` (`fieldgroups_id`, `fields_id`, `sort`, `data`) VALUES('109', '1', '0', NULL);
INSERT INTO `fieldgroups_fields` (`fieldgroups_id`, `fields_id`, `sort`, `data`) VALUES('102', '108', '3', NULL);
INSERT INTO `fieldgroups_fields` (`fieldgroups_id`, `fields_id`, `sort`, `data`) VALUES('99', '107', '2', NULL);
INSERT INTO `fieldgroups_fields` (`fieldgroups_id`, `fields_id`, `sort`, `data`) VALUES('100', '118', '4', NULL);
INSERT INTO `fieldgroups_fields` (`fieldgroups_id`, `fields_id`, `sort`, `data`) VALUES('101', '102', '1', NULL);
INSERT INTO `fieldgroups_fields` (`fieldgroups_id`, `fields_id`, `sort`, `data`) VALUES('102', '102', '1', NULL);
INSERT INTO `fieldgroups_fields` (`fieldgroups_id`, `fields_id`, `sort`, `data`) VALUES('103', '1', '0', NULL);
INSERT INTO `fieldgroups_fields` (`fieldgroups_id`, `fields_id`, `sort`, `data`) VALUES('104', '102', '2', NULL);
INSERT INTO `fieldgroups_fields` (`fieldgroups_id`, `fields_id`, `sort`, `data`) VALUES('104', '110', '3', NULL);
INSERT INTO `fieldgroups_fields` (`fieldgroups_id`, `fields_id`, `sort`, `data`) VALUES('100', '108', '3', NULL);
INSERT INTO `fieldgroups_fields` (`fieldgroups_id`, `fields_id`, `sort`, `data`) VALUES('104', '112', '4', NULL);
INSERT INTO `fieldgroups_fields` (`fieldgroups_id`, `fields_id`, `sort`, `data`) VALUES('104', '111', '1', NULL);
INSERT INTO `fieldgroups_fields` (`fieldgroups_id`, `fields_id`, `sort`, `data`) VALUES('105', '1', '0', NULL);
INSERT INTO `fieldgroups_fields` (`fieldgroups_id`, `fields_id`, `sort`, `data`) VALUES('105', '102', '1', NULL);
INSERT INTO `fieldgroups_fields` (`fieldgroups_id`, `fields_id`, `sort`, `data`) VALUES('110', '1', '0', NULL);
INSERT INTO `fieldgroups_fields` (`fieldgroups_id`, `fields_id`, `sort`, `data`) VALUES('107', '102', '1', NULL);
INSERT INTO `fieldgroups_fields` (`fieldgroups_id`, `fields_id`, `sort`, `data`) VALUES('101', '1', '0', NULL);
INSERT INTO `fieldgroups_fields` (`fieldgroups_id`, `fields_id`, `sort`, `data`) VALUES('107', '1', '0', NULL);
INSERT INTO `fieldgroups_fields` (`fieldgroups_id`, `fields_id`, `sort`, `data`) VALUES('104', '1', '0', NULL);
INSERT INTO `fieldgroups_fields` (`fieldgroups_id`, `fields_id`, `sort`, `data`) VALUES('107', '114', '2', NULL);
INSERT INTO `fieldgroups_fields` (`fieldgroups_id`, `fields_id`, `sort`, `data`) VALUES('108', '1', '0', NULL);
INSERT INTO `fieldgroups_fields` (`fieldgroups_id`, `fields_id`, `sort`, `data`) VALUES('102', '1', '0', NULL);
INSERT INTO `fieldgroups_fields` (`fieldgroups_id`, `fields_id`, `sort`, `data`) VALUES('105', '113', '2', NULL);
INSERT INTO `fieldgroups_fields` (`fieldgroups_id`, `fields_id`, `sort`, `data`) VALUES('108', '115', '1', NULL);
INSERT INTO `fieldgroups_fields` (`fieldgroups_id`, `fields_id`, `sort`, `data`) VALUES('109', '116', '2', NULL);
INSERT INTO `fieldgroups_fields` (`fieldgroups_id`, `fields_id`, `sort`, `data`) VALUES('109', '102', '1', NULL);
INSERT INTO `fieldgroups_fields` (`fieldgroups_id`, `fields_id`, `sort`, `data`) VALUES('110', '102', '1', NULL);
INSERT INTO `fieldgroups_fields` (`fieldgroups_id`, `fields_id`, `sort`, `data`) VALUES('100', '1', '0', NULL);
INSERT INTO `fieldgroups_fields` (`fieldgroups_id`, `fields_id`, `sort`, `data`) VALUES('102', '109', '2', NULL);
INSERT INTO `fieldgroups_fields` (`fieldgroups_id`, `fields_id`, `sort`, `data`) VALUES('110', '116', '2', NULL);
INSERT INTO `fieldgroups_fields` (`fieldgroups_id`, `fields_id`, `sort`, `data`) VALUES('100', '116', '5', NULL);
INSERT INTO `fieldgroups_fields` (`fieldgroups_id`, `fields_id`, `sort`, `data`) VALUES('110', '117', '3', NULL);
INSERT INTO `fieldgroups_fields` (`fieldgroups_id`, `fields_id`, `sort`, `data`) VALUES('107', '116', '3', NULL);
INSERT INTO `fieldgroups_fields` (`fieldgroups_id`, `fields_id`, `sort`, `data`) VALUES('104', '116', '5', NULL);
INSERT INTO `fieldgroups_fields` (`fieldgroups_id`, `fields_id`, `sort`, `data`) VALUES('105', '116', '3', NULL);
INSERT INTO `fieldgroups_fields` (`fieldgroups_id`, `fields_id`, `sort`, `data`) VALUES('108', '116', '2', NULL);
INSERT INTO `fieldgroups_fields` (`fieldgroups_id`, `fields_id`, `sort`, `data`) VALUES('111', '1', '0', NULL);
INSERT INTO `fieldgroups_fields` (`fieldgroups_id`, `fields_id`, `sort`, `data`) VALUES('111', '92', '1', NULL);
INSERT INTO `fieldgroups_fields` (`fieldgroups_id`, `fields_id`, `sort`, `data`) VALUES('111', '102', '2', NULL);

DROP TABLE IF EXISTS `fields`;
CREATE TABLE `fields` (
  `id` int(10) unsigned NOT NULL AUTO_INCREMENT,
  `type` varchar(128) CHARACTER SET ascii NOT NULL,
  `name` varchar(250) CHARACTER SET ascii NOT NULL,
  `flags` int(11) NOT NULL DEFAULT '0',
  `label` varchar(250) NOT NULL DEFAULT '',
  `data` text NOT NULL,
  PRIMARY KEY (`id`),
  UNIQUE KEY `name` (`name`),
  KEY `type` (`type`)
) ENGINE=MyISAM AUTO_INCREMENT=121 DEFAULT CHARSET=utf8;

INSERT INTO `fields` (`id`, `type`, `name`, `flags`, `label`, `data`) VALUES('1', 'FieldtypePageTitle', 'title', '13', 'Title', '{\"required\":1,\"textformatters\":[\"TextformatterEntities\"],\"size\":0,\"maxlength\":255}');
INSERT INTO `fields` (`id`, `type`, `name`, `flags`, `label`, `data`) VALUES('2', 'FieldtypeModule', 'process', '25', 'Process', '{\"description\":\"The process that is executed on this page. Since this is mostly used by ProcessWire internally, it is recommended that you don\'t change the value of this unless adding your own pages in the admin.\",\"collapsed\":1,\"required\":1,\"moduleTypes\":[\"Process\"],\"permanent\":1}');
INSERT INTO `fields` (`id`, `type`, `name`, `flags`, `label`, `data`) VALUES('3', 'FieldtypePassword', 'pass', '24', 'Set Password', '{\"collapsed\":1,\"size\":50,\"maxlength\":128}');
INSERT INTO `fields` (`id`, `type`, `name`, `flags`, `label`, `data`) VALUES('5', 'FieldtypePage', 'permissions', '24', 'Permissions', '{\"derefAsPage\":0,\"parent_id\":31,\"labelFieldName\":\"title\",\"inputfield\":\"InputfieldCheckboxes\"}');
INSERT INTO `fields` (`id`, `type`, `name`, `flags`, `label`, `data`) VALUES('4', 'FieldtypePage', 'roles', '24', 'Roles', '{\"derefAsPage\":0,\"parent_id\":30,\"labelFieldName\":\"name\",\"inputfield\":\"InputfieldCheckboxes\",\"description\":\"User will inherit the permissions assigned to each role. You may assign multiple roles to a user. When accessing a page, the user will only inherit permissions from the roles that are also assigned to the page\'s template.\"}');
INSERT INTO `fields` (`id`, `type`, `name`, `flags`, `label`, `data`) VALUES('92', 'FieldtypeEmail', 'email', '9', 'E-Mail Address', '{\"size\":70,\"maxlength\":255}');
INSERT INTO `fields` (`id`, `type`, `name`, `flags`, `label`, `data`) VALUES('97', 'FieldtypeModule', 'admin_theme', '8', 'Admin Theme', '{\"moduleTypes\":[\"AdminTheme\"],\"labelField\":\"title\",\"inputfieldClass\":\"InputfieldRadios\"}');
INSERT INTO `fields` (`id`, `type`, `name`, `flags`, `label`, `data`) VALUES('98', 'FieldtypeFile', 'language_files_site', '24', 'Site Translation Files', '{\"extensions\":\"json csv\",\"maxFiles\":0,\"inputfieldClass\":\"InputfieldFile\",\"unzip\":1,\"description\":\"Use this field for translations specific to your site (like files in \\/site\\/templates\\/ for example).\",\"descriptionRows\":0,\"fileSchema\":6}');
INSERT INTO `fields` (`id`, `type`, `name`, `flags`, `label`, `data`) VALUES('99', 'FieldtypeFile', 'language_files', '24', 'Core Translation Files', '{\"extensions\":\"json csv\",\"maxFiles\":0,\"inputfieldClass\":\"InputfieldFile\",\"unzip\":1,\"description\":\"Use this field for [language packs](http:\\/\\/modules.processwire.com\\/categories\\/language-pack\\/). To delete all files, double-click the trash can for any file, then save.\",\"descriptionRows\":0,\"fileSchema\":6}');
INSERT INTO `fields` (`id`, `type`, `name`, `flags`, `label`, `data`) VALUES('100', 'FieldtypePage', 'language', '24', 'Language', '{\"derefAsPage\":1,\"parent_id\":1017,\"labelFieldName\":\"title\",\"inputfield\":\"InputfieldRadios\",\"required\":1}');
INSERT INTO `fields` (`id`, `type`, `name`, `flags`, `label`, `data`) VALUES('101', 'FieldtypeImage', 'slider', '0', 'obrzky ve slideru na vodn strnce', '{\"extensions\":\"gif jpg jpeg png\",\"maxFiles\":0,\"outputFormat\":0,\"defaultValuePage\":0,\"useTags\":0,\"inputfieldClass\":\"InputfieldImage\",\"descriptionRows\":1,\"gridMode\":\"grid\",\"focusMode\":\"on\",\"resizeServer\":0,\"clientQuality\":90,\"maxReject\":0,\"dimensionsByAspectRatio\":0,\"fileSchema\":6}');
INSERT INTO `fields` (`id`, `type`, `name`, `flags`, `label`, `data`) VALUES('102', 'FieldtypeTextarea', 'text', '0', 'textov pole', '{\"inputfieldClass\":\"InputfieldCKEditor\",\"contentType\":1,\"collapsed\":0,\"minlength\":0,\"maxlength\":0,\"showCount\":0,\"rows\":5,\"toolbar\":\"Format, Styles, -, Bold, Italic, -, RemoveFormat\\nCkeLinkFiles, BulletedList, -, Blockquote\\nPWLink, Unlink, Anchor\\nPWImage, Table, HorizontalRule, SpecialChar\\nPasteText, PasteFromWord\\nScayt, -, Sourcedialog\",\"inlineMode\":0,\"useACF\":1,\"usePurifier\":1,\"formatTags\":\"p;h1;h2;h3;h4;h5;h6;pre;address\",\"extraPlugins\":[\"pwimage\",\"pwlink\",\"sourcedialog\"],\"removePlugins\":\"image,magicline\"}');
INSERT INTO `fields` (`id`, `type`, `name`, `flags`, `label`, `data`) VALUES('103', 'FieldtypeText', 'uplnyNazevSkoly', '0', 'pln nzev koly', '{\"collapsed\":0,\"minlength\":0,\"maxlength\":2048,\"showCount\":0,\"size\":0}');
INSERT INTO `fields` (`id`, `type`, `name`, `flags`, `label`, `data`) VALUES('104', 'FieldtypeText', 'mottoSkoly', '0', 'Motto koly', '{\"collapsed\":0,\"minlength\":0,\"maxlength\":2048,\"showCount\":0,\"size\":0}');
INSERT INTO `fields` (`id`, `type`, `name`, `flags`, `label`, `data`) VALUES('120', 'FieldtypeURL', 'link', '0', 'odkaz na strnku', '{\"noRelative\":0,\"allowIDN\":0,\"allowQuotes\":0,\"addRoot\":0,\"collapsed\":0,\"minlength\":0,\"maxlength\":1024,\"showCount\":0,\"size\":0}');
INSERT INTO `fields` (`id`, `type`, `name`, `flags`, `label`, `data`) VALUES('107', 'FieldtypeInteger', 'rokAbsolventa', '0', 'rok absolventa', '{\"zeroNotEmpty\":0,\"collapsed\":0,\"inputType\":\"text\",\"size\":10,\"required\":1}');
INSERT INTO `fields` (`id`, `type`, `name`, `flags`, `label`, `data`) VALUES('108', 'FieldtypeImage', 'images', '0', 'obrzky', '{\"extensions\":\"gif jpg jpeg png\",\"maxFiles\":0,\"outputFormat\":0,\"defaultValuePage\":0,\"useTags\":0,\"inputfieldClass\":\"InputfieldImage\",\"descriptionRows\":1,\"gridMode\":\"grid\",\"focusMode\":\"on\",\"resizeServer\":0,\"clientQuality\":90,\"maxReject\":0,\"dimensionsByAspectRatio\":0,\"fileSchema\":6}');
INSERT INTO `fields` (`id`, `type`, `name`, `flags`, `label`, `data`) VALUES('109', 'FieldtypeImage', 'postImage', '0', 'obrzek aktuality', '{\"extensions\":\"gif jpg jpeg png\",\"maxFiles\":1,\"outputFormat\":0,\"defaultValuePage\":0,\"useTags\":0,\"inputfieldClass\":\"InputfieldImage\",\"descriptionRows\":1,\"gridMode\":\"grid\",\"focusMode\":\"on\",\"resizeServer\":0,\"clientQuality\":90,\"maxReject\":0,\"dimensionsByAspectRatio\":0,\"fileSchema\":6,\"collapsed\":0}');
INSERT INTO `fields` (`id`, `type`, `name`, `flags`, `label`, `data`) VALUES('110', 'FieldtypeTextarea', 'text2', '0', 'dal informace', '{\"inputfieldClass\":\"InputfieldCKEditor\",\"contentType\":1,\"collapsed\":0,\"minlength\":0,\"maxlength\":0,\"showCount\":0,\"rows\":5,\"toolbar\":\"Format, Styles, -, Bold, Italic, -, RemoveFormat\\nNumberedList, BulletedList, -, Blockquote\\nPWLink, Unlink, Anchor\\nPWImage, Table, HorizontalRule, SpecialChar\\nPasteText, PasteFromWord\\nScayt, -, Sourcedialog\",\"inlineMode\":0,\"useACF\":1,\"usePurifier\":1,\"formatTags\":\"p;h1;h2;h3;h4;h5;h6;pre;address\",\"extraPlugins\":[\"pwimage\",\"pwlink\",\"sourcedialog\"],\"removePlugins\":\"image,magicline\"}');
INSERT INTO `fields` (`id`, `type`, `name`, `flags`, `label`, `data`) VALUES('111', 'FieldtypeTextarea', 'secondaryTitle', '0', 'podnadpis strnky', '{\"inputfieldClass\":\"InputfieldCKEditor\",\"contentType\":1,\"collapsed\":0,\"minlength\":0,\"maxlength\":0,\"showCount\":0,\"rows\":5}');
INSERT INTO `fields` (`id`, `type`, `name`, `flags`, `label`, `data`) VALUES('112', 'FieldtypeTextarea', 'thirdTitle', '0', 'nadpis sekce', '{\"inputfieldClass\":\"InputfieldCKEditor\",\"contentType\":1,\"collapsed\":0,\"minlength\":0,\"maxlength\":0,\"showCount\":0,\"rows\":5}');
INSERT INTO `fields` (`id`, `type`, `name`, `flags`, `label`, `data`) VALUES('113', 'FieldtypeOptions', 'pracovnik', '0', 'o jakho pracovnka se jedn', '{\"inputfieldClass\":\"InputfieldSelect\",\"collapsed\":0}');
INSERT INTO `fields` (`id`, `type`, `name`, `flags`, `label`, `data`) VALUES('114', 'FieldtypeImage', 'subjectImage', '0', 'obrzek oboru', '{\"extensions\":\"gif jpg jpeg png\",\"maxFiles\":1,\"outputFormat\":0,\"defaultValuePage\":0,\"useTags\":0,\"inputfieldClass\":\"InputfieldImage\",\"descriptionRows\":1,\"gridMode\":\"grid\",\"focusMode\":\"on\",\"resizeServer\":0,\"clientQuality\":90,\"maxReject\":0,\"dimensionsByAspectRatio\":0,\"fileSchema\":6}');
INSERT INTO `fields` (`id`, `type`, `name`, `flags`, `label`, `data`) VALUES('115', 'FieldtypeOptions', 'ikony', '0', 'vyberte ikonu', '{\"inputfieldClass\":\"InputfieldSelect\",\"collapsed\":0}');
INSERT INTO `fields` (`id`, `type`, `name`, `flags`, `label`, `data`) VALUES('116', 'FieldtypeFile', 'files', '0', 'soubory', '{\"extensions\":\"pdf doc docx xls xlsx gif jpg jpeg png odt\",\"maxFiles\":0,\"outputFormat\":0,\"defaultValuePage\":0,\"useTags\":0,\"inputfieldClass\":\"InputfieldFile\",\"descriptionRows\":1,\"fileSchema\":6,\"collapsed\":0}');
INSERT INTO `fields` (`id`, `type`, `name`, `flags`, `label`, `data`) VALUES('117', 'FieldtypeText', 'map', '0', 'google mapa primmatu', '');
INSERT INTO `fields` (`id`, `type`, `name`, `flags`, `label`, `data`) VALUES('118', 'FieldtypeText', 'video', '0', 'vlote odkaz youtube videa', '{\"collapsed\":0,\"minlength\":0,\"maxlength\":2048,\"showCount\":0,\"size\":0}');

DROP TABLE IF EXISTS `fieldtype_options`;
CREATE TABLE `fieldtype_options` (
  `fields_id` int(10) unsigned NOT NULL,
  `option_id` int(10) unsigned NOT NULL,
  `title` text,
  `value` varchar(250) DEFAULT NULL,
  `sort` int(10) unsigned NOT NULL,
  PRIMARY KEY (`fields_id`,`option_id`),
  UNIQUE KEY `title` (`title`(250),`fields_id`),
  KEY `value` (`value`,`fields_id`),
  KEY `sort` (`sort`,`fields_id`),
  FULLTEXT KEY `title_value` (`title`,`value`)
) ENGINE=MyISAM DEFAULT CHARSET=utf8;

INSERT INTO `fieldtype_options` (`fields_id`, `option_id`, `title`, `value`, `sort`) VALUES('113', '1', 'pedagogicky', '', '0');
INSERT INTO `fieldtype_options` (`fields_id`, `option_id`, `title`, `value`, `sort`) VALUES('113', '2', 'nepedagogicky', '', '1');
INSERT INTO `fieldtype_options` (`fields_id`, `option_id`, `title`, `value`, `sort`) VALUES('115', '1', 'email', '', '0');
INSERT INTO `fieldtype_options` (`fields_id`, `option_id`, `title`, `value`, `sort`) VALUES('115', '2', 'mapaKolik', '', '1');
INSERT INTO `fieldtype_options` (`fields_id`, `option_id`, `title`, `value`, `sort`) VALUES('115', '3', 'medaile', '', '2');
INSERT INTO `fieldtype_options` (`fields_id`, `option_id`, `title`, `value`, `sort`) VALUES('115', '4', 'knihaOtevrena', '', '3');
INSERT INTO `fieldtype_options` (`fields_id`, `option_id`, `title`, `value`, `sort`) VALUES('115', '5', 'knihaZavrena', '', '4');
INSERT INTO `fieldtype_options` (`fields_id`, `option_id`, `title`, `value`, `sort`) VALUES('115', '6', 'zalozkaKnihy', '', '5');
INSERT INTO `fieldtype_options` (`fields_id`, `option_id`, `title`, `value`, `sort`) VALUES('115', '7', 'ozubeneKolecko', '', '6');
INSERT INTO `fieldtype_options` (`fields_id`, `option_id`, `title`, `value`, `sort`) VALUES('115', '8', 'lidi', '', '7');
INSERT INTO `fieldtype_options` (`fields_id`, `option_id`, `title`, `value`, `sort`) VALUES('115', '9', 'mapa', '', '8');
INSERT INTO `fieldtype_options` (`fields_id`, `option_id`, `title`, `value`, `sort`) VALUES('115', '10', 'kreditniKarta', '', '9');
INSERT INTO `fieldtype_options` (`fields_id`, `option_id`, `title`, `value`, `sort`) VALUES('115', '11', 'dollar', '', '10');
INSERT INTO `fieldtype_options` (`fields_id`, `option_id`, `title`, `value`, `sort`) VALUES('115', '12', 'popsanyPapir', '', '11');
INSERT INTO `fieldtype_options` (`fields_id`, `option_id`, `title`, `value`, `sort`) VALUES('115', '13', 'cistyPapir', '', '12');
INSERT INTO `fieldtype_options` (`fields_id`, `option_id`, `title`, `value`, `sort`) VALUES('115', '14', 'darek', '', '13');
INSERT INTO `fieldtype_options` (`fields_id`, `option_id`, `title`, `value`, `sort`) VALUES('115', '15', 'hvezda', '', '14');
INSERT INTO `fieldtype_options` (`fields_id`, `option_id`, `title`, `value`, `sort`) VALUES('115', '16', 'zakFajfka', '', '15');
INSERT INTO `fieldtype_options` (`fields_id`, `option_id`, `title`, `value`, `sort`) VALUES('115', '17', 'zak', '', '16');
INSERT INTO `fieldtype_options` (`fields_id`, `option_id`, `title`, `value`, `sort`) VALUES('115', '18', 'fotak', '', '17');
INSERT INTO `fieldtype_options` (`fields_id`, `option_id`, `title`, `value`, `sort`) VALUES('115', '19', 'planeta', '', '18');
INSERT INTO `fieldtype_options` (`fields_id`, `option_id`, `title`, `value`, `sort`) VALUES('115', '20', 'srdce', '', '19');
INSERT INTO `fieldtype_options` (`fields_id`, `option_id`, `title`, `value`, `sort`) VALUES('115', '21', 'fajfka', '', '20');
INSERT INTO `fieldtype_options` (`fields_id`, `option_id`, `title`, `value`, `sort`) VALUES('115', '22', 'zamknutyZamek', '', '21');
INSERT INTO `fieldtype_options` (`fields_id`, `option_id`, `title`, `value`, `sort`) VALUES('115', '23', 'odemknutyZamek', '', '22');
INSERT INTO `fieldtype_options` (`fields_id`, `option_id`, `title`, `value`, `sort`) VALUES('115', '24', 'bublinaTextu', '', '23');
INSERT INTO `fieldtype_options` (`fields_id`, `option_id`, `title`, `value`, `sort`) VALUES('115', '25', 'navigace', '', '24');
INSERT INTO `fieldtype_options` (`fields_id`, `option_id`, `title`, `value`, `sort`) VALUES('115', '26', 'plus', '', '25');
INSERT INTO `fieldtype_options` (`fields_id`, `option_id`, `title`, `value`, `sort`) VALUES('115', '27', 'stit', '', '26');
INSERT INTO `fieldtype_options` (`fields_id`, `option_id`, `title`, `value`, `sort`) VALUES('115', '28', 'mobil', '', '27');
INSERT INTO `fieldtype_options` (`fields_id`, `option_id`, `title`, `value`, `sort`) VALUES('115', '29', 'palecNahoru', '', '28');
INSERT INTO `fieldtype_options` (`fields_id`, `option_id`, `title`, `value`, `sort`) VALUES('115', '30', 'wifi', '', '29');
INSERT INTO `fieldtype_options` (`fields_id`, `option_id`, `title`, `value`, `sort`) VALUES('115', '31', 'x', '', '30');
INSERT INTO `fieldtype_options` (`fields_id`, `option_id`, `title`, `value`, `sort`) VALUES('115', '32', 'smajlik', '', '31');

DROP TABLE IF EXISTS `modules`;
CREATE TABLE `modules` (
  `id` int(10) unsigned NOT NULL AUTO_INCREMENT,
  `class` varchar(128) CHARACTER SET ascii NOT NULL,
  `flags` int(11) NOT NULL DEFAULT '0',
  `data` text NOT NULL,
  `created` timestamp NOT NULL DEFAULT CURRENT_TIMESTAMP,
  PRIMARY KEY (`id`),
  UNIQUE KEY `class` (`class`)
) ENGINE=MyISAM AUTO_INCREMENT=172 DEFAULT CHARSET=utf8;

INSERT INTO `modules` (`id`, `class`, `flags`, `data`, `created`) VALUES('1', 'FieldtypeTextarea', '0', '', '2021-03-01 10:11:23');
INSERT INTO `modules` (`id`, `class`, `flags`, `data`, `created`) VALUES('2', 'FieldtypeNumber', '0', '', '2021-03-01 10:11:23');
INSERT INTO `modules` (`id`, `class`, `flags`, `data`, `created`) VALUES('3', 'FieldtypeText', '0', '', '2021-03-01 10:11:23');
INSERT INTO `modules` (`id`, `class`, `flags`, `data`, `created`) VALUES('4', 'FieldtypePage', '0', '', '2021-03-01 10:11:23');
INSERT INTO `modules` (`id`, `class`, `flags`, `data`, `created`) VALUES('30', 'InputfieldForm', '0', '', '2021-03-01 10:11:23');
INSERT INTO `modules` (`id`, `class`, `flags`, `data`, `created`) VALUES('6', 'FieldtypeFile', '0', '', '2021-03-01 10:11:23');
INSERT INTO `modules` (`id`, `class`, `flags`, `data`, `created`) VALUES('7', 'ProcessPageEdit', '1', '', '2021-03-01 10:11:23');
INSERT INTO `modules` (`id`, `class`, `flags`, `data`, `created`) VALUES('10', 'ProcessLogin', '0', '', '2021-03-01 10:11:23');
INSERT INTO `modules` (`id`, `class`, `flags`, `data`, `created`) VALUES('12', 'ProcessPageList', '0', '{\"pageLabelField\":\"title\",\"paginationLimit\":25,\"limit\":50}', '2021-03-01 10:11:23');
INSERT INTO `modules` (`id`, `class`, `flags`, `data`, `created`) VALUES('121', 'ProcessPageEditLink', '1', '', '2021-03-01 10:11:23');
INSERT INTO `modules` (`id`, `class`, `flags`, `data`, `created`) VALUES('14', 'ProcessPageSort', '0', '', '2021-03-01 10:11:23');
INSERT INTO `modules` (`id`, `class`, `flags`, `data`, `created`) VALUES('15', 'InputfieldPageListSelect', '0', '', '2021-03-01 10:11:23');
INSERT INTO `modules` (`id`, `class`, `flags`, `data`, `created`) VALUES('117', 'JqueryUI', '1', '', '2021-03-01 10:11:23');
INSERT INTO `modules` (`id`, `class`, `flags`, `data`, `created`) VALUES('17', 'ProcessPageAdd', '0', '', '2021-03-01 10:11:23');
INSERT INTO `modules` (`id`, `class`, `flags`, `data`, `created`) VALUES('125', 'SessionLoginThrottle', '11', '', '2021-03-01 10:11:23');
INSERT INTO `modules` (`id`, `class`, `flags`, `data`, `created`) VALUES('122', 'InputfieldPassword', '0', '', '2021-03-01 10:11:23');
INSERT INTO `modules` (`id`, `class`, `flags`, `data`, `created`) VALUES('25', 'InputfieldAsmSelect', '0', '', '2021-03-01 10:11:23');
INSERT INTO `modules` (`id`, `class`, `flags`, `data`, `created`) VALUES('116', 'JqueryCore', '1', '', '2021-03-01 10:11:23');
INSERT INTO `modules` (`id`, `class`, `flags`, `data`, `created`) VALUES('27', 'FieldtypeModule', '0', '', '2021-03-01 10:11:23');
INSERT INTO `modules` (`id`, `class`, `flags`, `data`, `created`) VALUES('28', 'FieldtypeDatetime', '0', '', '2021-03-01 10:11:23');
INSERT INTO `modules` (`id`, `class`, `flags`, `data`, `created`) VALUES('29', 'FieldtypeEmail', '0', '', '2021-03-01 10:11:23');
INSERT INTO `modules` (`id`, `class`, `flags`, `data`, `created`) VALUES('108', 'InputfieldURL', '0', '', '2021-03-01 10:11:23');
INSERT INTO `modules` (`id`, `class`, `flags`, `data`, `created`) VALUES('32', 'InputfieldSubmit', '0', '', '2021-03-01 10:11:23');
INSERT INTO `modules` (`id`, `class`, `flags`, `data`, `created`) VALUES('33', 'InputfieldWrapper', '0', '', '2021-03-01 10:11:23');
INSERT INTO `modules` (`id`, `class`, `flags`, `data`, `created`) VALUES('34', 'InputfieldText', '0', '', '2021-03-01 10:11:23');
INSERT INTO `modules` (`id`, `class`, `flags`, `data`, `created`) VALUES('35', 'InputfieldTextarea', '0', '', '2021-03-01 10:11:23');
INSERT INTO `modules` (`id`, `class`, `flags`, `data`, `created`) VALUES('36', 'InputfieldSelect', '0', '', '2021-03-01 10:11:23');
INSERT INTO `modules` (`id`, `class`, `flags`, `data`, `created`) VALUES('37', 'InputfieldCheckbox', '0', '', '2021-03-01 10:11:23');
INSERT INTO `modules` (`id`, `class`, `flags`, `data`, `created`) VALUES('38', 'InputfieldCheckboxes', '0', '', '2021-03-01 10:11:23');
INSERT INTO `modules` (`id`, `class`, `flags`, `data`, `created`) VALUES('39', 'InputfieldRadios', '0', '', '2021-03-01 10:11:23');
INSERT INTO `modules` (`id`, `class`, `flags`, `data`, `created`) VALUES('40', 'InputfieldHidden', '0', '', '2021-03-01 10:11:23');
INSERT INTO `modules` (`id`, `class`, `flags`, `data`, `created`) VALUES('41', 'InputfieldName', '0', '', '2021-03-01 10:11:23');
INSERT INTO `modules` (`id`, `class`, `flags`, `data`, `created`) VALUES('43', 'InputfieldSelectMultiple', '0', '', '2021-03-01 10:11:23');
INSERT INTO `modules` (`id`, `class`, `flags`, `data`, `created`) VALUES('45', 'JqueryWireTabs', '0', '', '2021-03-01 10:11:23');
INSERT INTO `modules` (`id`, `class`, `flags`, `data`, `created`) VALUES('46', 'ProcessPage', '0', '', '2021-03-01 10:11:23');
INSERT INTO `modules` (`id`, `class`, `flags`, `data`, `created`) VALUES('47', 'ProcessTemplate', '0', '', '2021-03-01 10:11:23');
INSERT INTO `modules` (`id`, `class`, `flags`, `data`, `created`) VALUES('48', 'ProcessField', '32', '', '2021-03-01 10:11:23');
INSERT INTO `modules` (`id`, `class`, `flags`, `data`, `created`) VALUES('50', 'ProcessModule', '0', '', '2021-03-01 10:11:23');
INSERT INTO `modules` (`id`, `class`, `flags`, `data`, `created`) VALUES('114', 'PagePermissions', '3', '', '2021-03-01 10:11:23');
INSERT INTO `modules` (`id`, `class`, `flags`, `data`, `created`) VALUES('97', 'FieldtypeCheckbox', '1', '', '2021-03-01 10:11:23');
INSERT INTO `modules` (`id`, `class`, `flags`, `data`, `created`) VALUES('115', 'PageRender', '3', '{\"clearCache\":1}', '2021-03-01 10:11:23');
INSERT INTO `modules` (`id`, `class`, `flags`, `data`, `created`) VALUES('55', 'InputfieldFile', '0', '', '2021-03-01 10:11:23');
INSERT INTO `modules` (`id`, `class`, `flags`, `data`, `created`) VALUES('56', 'InputfieldImage', '0', '', '2021-03-01 10:11:23');
INSERT INTO `modules` (`id`, `class`, `flags`, `data`, `created`) VALUES('57', 'FieldtypeImage', '0', '', '2021-03-01 10:11:23');
INSERT INTO `modules` (`id`, `class`, `flags`, `data`, `created`) VALUES('60', 'InputfieldPage', '0', '{\"inputfieldClasses\":[\"InputfieldSelect\",\"InputfieldSelectMultiple\",\"InputfieldCheckboxes\",\"InputfieldRadios\",\"InputfieldAsmSelect\",\"InputfieldPageListSelect\",\"InputfieldPageListSelectMultiple\",\"InputfieldPageAutocomplete\"]}', '2021-03-01 10:11:23');
INSERT INTO `modules` (`id`, `class`, `flags`, `data`, `created`) VALUES('61', 'TextformatterEntities', '0', '', '2021-03-01 10:11:23');
INSERT INTO `modules` (`id`, `class`, `flags`, `data`, `created`) VALUES('66', 'ProcessUser', '0', '{\"showFields\":[\"name\",\"email\",\"roles\"]}', '2021-03-01 10:11:23');
INSERT INTO `modules` (`id`, `class`, `flags`, `data`, `created`) VALUES('67', 'MarkupAdminDataTable', '0', '', '2021-03-01 10:11:23');
INSERT INTO `modules` (`id`, `class`, `flags`, `data`, `created`) VALUES('68', 'ProcessRole', '0', '{\"showFields\":[\"name\"]}', '2021-03-01 10:11:23');
INSERT INTO `modules` (`id`, `class`, `flags`, `data`, `created`) VALUES('76', 'ProcessList', '0', '', '2021-03-01 10:11:23');
INSERT INTO `modules` (`id`, `class`, `flags`, `data`, `created`) VALUES('78', 'InputfieldFieldset', '0', '', '2021-03-01 10:11:23');
INSERT INTO `modules` (`id`, `class`, `flags`, `data`, `created`) VALUES('79', 'InputfieldMarkup', '0', '', '2021-03-01 10:11:23');
INSERT INTO `modules` (`id`, `class`, `flags`, `data`, `created`) VALUES('80', 'InputfieldEmail', '0', '', '2021-03-01 10:11:23');
INSERT INTO `modules` (`id`, `class`, `flags`, `data`, `created`) VALUES('89', 'FieldtypeFloat', '1', '', '2021-03-01 10:11:23');
INSERT INTO `modules` (`id`, `class`, `flags`, `data`, `created`) VALUES('83', 'ProcessPageView', '0', '', '2021-03-01 10:11:23');
INSERT INTO `modules` (`id`, `class`, `flags`, `data`, `created`) VALUES('84', 'FieldtypeInteger', '0', '', '2021-03-01 10:11:23');
INSERT INTO `modules` (`id`, `class`, `flags`, `data`, `created`) VALUES('85', 'InputfieldInteger', '0', '', '2021-03-01 10:11:23');
INSERT INTO `modules` (`id`, `class`, `flags`, `data`, `created`) VALUES('86', 'InputfieldPageName', '0', '', '2021-03-01 10:11:23');
INSERT INTO `modules` (`id`, `class`, `flags`, `data`, `created`) VALUES('87', 'ProcessHome', '0', '', '2021-03-01 10:11:23');
INSERT INTO `modules` (`id`, `class`, `flags`, `data`, `created`) VALUES('90', 'InputfieldFloat', '0', '', '2021-03-01 10:11:23');
INSERT INTO `modules` (`id`, `class`, `flags`, `data`, `created`) VALUES('94', 'InputfieldDatetime', '0', '', '2021-03-01 10:11:23');
INSERT INTO `modules` (`id`, `class`, `flags`, `data`, `created`) VALUES('98', 'MarkupPagerNav', '0', '', '2021-03-01 10:11:23');
INSERT INTO `modules` (`id`, `class`, `flags`, `data`, `created`) VALUES('129', 'ProcessPageEditImageSelect', '1', '', '2021-03-01 10:11:23');
INSERT INTO `modules` (`id`, `class`, `flags`, `data`, `created`) VALUES('103', 'JqueryTableSorter', '1', '', '2021-03-01 10:11:23');
INSERT INTO `modules` (`id`, `class`, `flags`, `data`, `created`) VALUES('104', 'ProcessPageSearch', '1', '{\"searchFields\":\"title\",\"displayField\":\"title path\"}', '2021-03-01 10:11:23');
INSERT INTO `modules` (`id`, `class`, `flags`, `data`, `created`) VALUES('105', 'FieldtypeFieldsetOpen', '1', '', '2021-03-01 10:11:23');
INSERT INTO `modules` (`id`, `class`, `flags`, `data`, `created`) VALUES('106', 'FieldtypeFieldsetClose', '1', '', '2021-03-01 10:11:23');
INSERT INTO `modules` (`id`, `class`, `flags`, `data`, `created`) VALUES('107', 'FieldtypeFieldsetTabOpen', '1', '', '2021-03-01 10:11:23');
INSERT INTO `modules` (`id`, `class`, `flags`, `data`, `created`) VALUES('109', 'ProcessPageTrash', '1', '', '2021-03-01 10:11:23');
INSERT INTO `modules` (`id`, `class`, `flags`, `data`, `created`) VALUES('111', 'FieldtypePageTitle', '1', '', '2021-03-01 10:11:23');
INSERT INTO `modules` (`id`, `class`, `flags`, `data`, `created`) VALUES('112', 'InputfieldPageTitle', '0', '', '2021-03-01 10:11:23');
INSERT INTO `modules` (`id`, `class`, `flags`, `data`, `created`) VALUES('113', 'MarkupPageArray', '3', '', '2021-03-01 10:11:23');
INSERT INTO `modules` (`id`, `class`, `flags`, `data`, `created`) VALUES('131', 'InputfieldButton', '0', '', '2021-03-01 10:11:23');
INSERT INTO `modules` (`id`, `class`, `flags`, `data`, `created`) VALUES('133', 'FieldtypePassword', '1', '', '2021-03-01 10:11:23');
INSERT INTO `modules` (`id`, `class`, `flags`, `data`, `created`) VALUES('134', 'ProcessPageType', '33', '{\"showFields\":[]}', '2021-03-01 10:11:23');
INSERT INTO `modules` (`id`, `class`, `flags`, `data`, `created`) VALUES('135', 'FieldtypeURL', '1', '', '2021-03-01 10:11:23');
INSERT INTO `modules` (`id`, `class`, `flags`, `data`, `created`) VALUES('136', 'ProcessPermission', '1', '{\"showFields\":[\"name\",\"title\"]}', '2021-03-01 10:11:23');
INSERT INTO `modules` (`id`, `class`, `flags`, `data`, `created`) VALUES('137', 'InputfieldPageListSelectMultiple', '0', '', '2021-03-01 10:11:23');
INSERT INTO `modules` (`id`, `class`, `flags`, `data`, `created`) VALUES('138', 'ProcessProfile', '1', '{\"profileFields\":[\"pass\",\"email\",\"admin_theme\",\"language\"]}', '2021-03-01 10:11:23');
INSERT INTO `modules` (`id`, `class`, `flags`, `data`, `created`) VALUES('139', 'SystemUpdater', '1', '{\"systemVersion\":17,\"coreVersion\":\"3.0.148\"}', '2021-03-01 10:11:23');
INSERT INTO `modules` (`id`, `class`, `flags`, `data`, `created`) VALUES('148', 'AdminThemeDefault', '10', '{\"colors\":\"classic\"}', '2021-03-01 10:11:23');
INSERT INTO `modules` (`id`, `class`, `flags`, `data`, `created`) VALUES('149', 'InputfieldSelector', '42', '', '2021-03-01 10:11:23');
INSERT INTO `modules` (`id`, `class`, `flags`, `data`, `created`) VALUES('150', 'ProcessPageLister', '32', '', '2021-03-01 10:11:23');
INSERT INTO `modules` (`id`, `class`, `flags`, `data`, `created`) VALUES('151', 'JqueryMagnific', '1', '', '2021-03-01 10:11:23');
INSERT INTO `modules` (`id`, `class`, `flags`, `data`, `created`) VALUES('155', 'InputfieldCKEditor', '0', '', '2021-03-01 10:11:23');
INSERT INTO `modules` (`id`, `class`, `flags`, `data`, `created`) VALUES('156', 'MarkupHTMLPurifier', '0', '', '2021-03-01 10:11:23');
INSERT INTO `modules` (`id`, `class`, `flags`, `data`, `created`) VALUES('159', 'ProcessRecentPages', '1', '', '2021-03-01 10:11:36');
INSERT INTO `modules` (`id`, `class`, `flags`, `data`, `created`) VALUES('160', 'AdminThemeUikit', '10', '', '2021-03-01 10:11:37');
INSERT INTO `modules` (`id`, `class`, `flags`, `data`, `created`) VALUES('161', 'ProcessLogger', '1', '', '2021-03-01 10:11:43');
INSERT INTO `modules` (`id`, `class`, `flags`, `data`, `created`) VALUES('162', 'InputfieldIcon', '0', '', '2021-03-01 10:11:43');
INSERT INTO `modules` (`id`, `class`, `flags`, `data`, `created`) VALUES('163', 'TracyDebugger', '3', '{\"enabled\":1,\"outputMode\":\"detect\",\"superuserForceDevelopment\":\"\",\"guestForceDevelopmentLocal\":\"\",\"ipAddress\":\"\",\"restrictSuperusers\":\"\",\"strictMode\":\"\",\"strictModeAjax\":\"\",\"forceScream\":\"\",\"showLocation\":[\"Tracy\\\\Dumper::LOCATION_SOURCE\",\"Tracy\\\\Dumper::LOCATION_LINK\",\"Tracy\\\\Dumper::LOCATION_CLASS\"],\"debugInfo\":1,\"maxDepth\":3,\"maxLength\":150,\"collapse\":14,\"collapse_count\":7,\"maxAjaxRows\":3,\"reservedMemorySize\":500000,\"showFireLogger\":1,\"referencePageEdited\":1,\"linksNewTab\":\"\",\"logSeverity\":[],\"fromEmail\":\"\",\"email\":\"\",\"clearEmailSent\":\"\",\"showDebugBar\":[\"frontend\",\"backend\"],\"hideDebugBarModals\":[],\"hideDebugBarFrontendTemplates\":[],\"hideDebugBarBackendTemplates\":[],\"hideDebugBar\":\"\",\"showPanelLabels\":\"\",\"barPosition\":\"bottom-right\",\"panelZindex\":100,\"frontendPanels\":[\"processwireInfo\",\"requestInfo\",\"processwireLogs\",\"tracyLogs\",\"methodsInfo\",\"debugMode\",\"console\",\"panelSelector\",\"tracyToggler\"],\"backendPanels\":[\"processwireInfo\",\"requestInfo\",\"processwireLogs\",\"tracyLogs\",\"methodsInfo\",\"debugMode\",\"console\",\"panelSelector\",\"tracyToggler\"],\"restrictedUserDisabledPanels\":[],\"nonToggleablePanels\":[],\"panelSelectorTracyTogglerButton\":1,\"editor\":\"vscode:\\/\\/file\\/%file:%line\",\"localRootPath\":\"\",\"useOnlineEditor\":[],\"onlineEditor\":\"tracy\",\"forceEditorLinksToTracy\":1,\"snippetsPath\":\"templates\",\"consoleBackupLimit\":25,\"consoleCodePrefix\":\"\",\"fileEditorBaseDirectory\":\"templates\",\"fileEditorAllowedExtensions\":\"php, module, js, css, txt, log, htaccess\",\"fileEditorExcludedDirs\":\"site\\/assets\",\"aceTheme\":\"tomorrow_night_bright\",\"codeFontSize\":14,\"codeLineHeight\":24,\"codeShowInvisibles\":\"1\",\"codeTabSize\":4,\"codeUseSoftTabs\":\"1\",\"pwAutocompletions\":1,\"codeShowDescription\":1,\"customSnippetsUrl\":\"\",\"processwireInfoPanelSections\":[\"versionsList\",\"adminLinks\",\"documentationLinks\",\"gotoId\",\"processWireWebsiteSearch\"],\"customPWInfoPanelLinks\":[\"\\/processwire\\/setup\\/template\\/\",\"\\/processwire\\/setup\\/field\\/\",\"\\/processwire\\/setup\\/\",\"\\/processwire\\/module\\/\",\"\\/processwire\\/access\\/users\\/\",\"\\/processwire\\/access\\/roles\\/\",\"\\/processwire\\/access\\/permissions\\/\",\"\\/processwire\\/profile\\/\"],\"showPWInfoPanelIconLabels\":1,\"pWInfoPanelLinksNewTab\":\"\",\"apiExplorerShowDescription\":1,\"apiExplorerToggleDocComment\":\"\",\"apiExplorerModuleClasses\":[],\"captainHookShowDescription\":1,\"captainHookToggleDocComment\":\"\",\"requestInfoPanelSections\":[\"moduleSettings\",\"templateSettings\",\"fieldSettings\",\"pageInfo\",\"pagePermissions\",\"languageInfo\",\"templateInfo\",\"fieldsListValues\",\"serverRequest\",\"inputGet\",\"inputPost\",\"inputCookie\",\"session\",\"editLinks\"],\"imagesInFieldListValues\":\"\",\"debugModePanelSections\":[\"pagesLoaded\",\"modulesLoaded\",\"hooks\",\"databaseQueries\",\"selectorQueries\",\"timers\",\"user\",\"cache\",\"autoload\"],\"alwaysShowDebugTools\":1,\"diagnosticsPanelSections\":[\"filesystemFolders\"],\"dumpPanelTabs\":[\"debugInfo\",\"fullObject\"],\"validatorUrl\":\"https:\\/\\/html5.validator.nu\\/\",\"todoIgnoreDirs\":\"git, svn, images, img, errors, sass-cache, node_modules\",\"todoAllowedExtensions\":\"php, module, inc, txt, latte, html, htm, md, css, scss, less, js\",\"todoScanModules\":\"\",\"todoScanAssets\":\"\",\"numLogEntries\":10,\"variablesShowPwObjects\":\"\",\"customPhpCode\":\"\",\"userSwitcherSelector\":\"\",\"userSwitcherRestricted\":[],\"userSwitcherIncluded\":[],\"requestMethods\":[\"GET\",\"POST\",\"PUT\",\"DELETE\",\"PATCH\"],\"requestLoggerMaxLogs\":10,\"requestLoggerReturnType\":\"array\",\"styleWhere\":[\"backend\",\"frontend\"],\"styleAdminColors\":\"local|#FF9933\\n*.local|#FF9933\\ndev.*|#FF9933\\n*.test|#FF9933\\nstaging.*|#8b0066\\n*.com|#009900\",\"styleAdminType\":[\"favicon\"],\"styleAdminElements\":\"body::before {\\n\\tcontent: \\\"[type]\\\";\\n\\tbackground: [color];\\n\\tposition: fixed;\\n\\tleft: 0;\\n\\tbottom: 100%;\\n\\tcolor: #ffffff;\\n\\twidth: 100vh;\\n\\tpadding: 0;\\n\\ttext-align: center;\\n\\tfont-weight: 600;\\n\\ttext-transform: uppercase;\\n\\ttransform: rotate(90deg);\\n\\ttransform-origin: bottom left;\\n\\tz-index: 999999;\\n\\tfont-family: sans-serif;\\n\\tfont-size: 11px;\\n\\theight: 13px;\\n\\tline-height: 13px;\\npointer-events: none;\\n}\",\"userDevTemplate\":\"\",\"userDevTemplateSuffix\":\"dev\",\"showUserBar\":\"\",\"showUserBarTracyUsers\":null,\"userBarFeatures\":[\"admin\",\"editPage\"],\"userBarCustomFeatures\":\"\",\"userBarTopBottom\":\"bottom\",\"userBarLeftRight\":\"left\",\"userBarBackgroundColor\":null,\"userBarBackgroundOpacity\":\"1\",\"userBarIconColor\":\"#666666\",\"enableShortcutMethods\":1,\"enabledShortcutMethods\":[\"addBreakpoint\",\"bp\",\"barDump\",\"bd\",\"barEcho\",\"be\",\"barDumpBig\",\"bdb\",\"debugAll\",\"da\",\"dump\",\"d\",\"dumpBig\",\"db\",\"fireLog\",\"fl\",\"l\",\"templateVars\",\"tv\",\"timer\",\"t\"],\"uninstall\":\"\",\"submit_save_module\":\"Submit\",\"apiDataVersion\":\"3.0.148\"}', '2021-03-01 10:50:21');
INSERT INTO `modules` (`id`, `class`, `flags`, `data`, `created`) VALUES('164', 'ProcessTracyAdminer', '1', '', '2021-03-01 10:50:21');
INSERT INTO `modules` (`id`, `class`, `flags`, `data`, `created`) VALUES('165', 'LanguageSupport', '35', '{\"languagesPageID\":1017,\"defaultLanguagePageID\":1018,\"otherLanguagePageIDs\":[],\"languageTranslatorPageID\":1019,\"uninstall\":\"\",\"submit_save_module\":\"Submit\"}', '2021-03-01 10:52:57');
INSERT INTO `modules` (`id`, `class`, `flags`, `data`, `created`) VALUES('166', 'ProcessLanguage', '1', '', '2021-03-01 10:52:57');
INSERT INTO `modules` (`id`, `class`, `flags`, `data`, `created`) VALUES('167', 'ProcessLanguageTranslator', '1', '', '2021-03-01 10:52:58');
INSERT INTO `modules` (`id`, `class`, `flags`, `data`, `created`) VALUES('168', 'FieldtypeOptions', '1', '', '2021-03-10 16:48:25');
INSERT INTO `modules` (`id`, `class`, `flags`, `data`, `created`) VALUES('169', 'CkeLinkFiles', '10', '{\"include_repeaters\":1,\"uninstall\":\"\",\"submit_save_module\":\"Odeslat\"}', '2021-03-16 14:53:33');
INSERT INTO `modules` (`id`, `class`, `flags`, `data`, `created`) VALUES('170', 'InputfieldPageAutocomplete', '0', '', '2021-03-16 15:01:27');

DROP TABLE IF EXISTS `pages`;
CREATE TABLE `pages` (
  `id` int(10) unsigned NOT NULL AUTO_INCREMENT,
  `parent_id` int(11) unsigned NOT NULL DEFAULT '0',
  `templates_id` int(11) unsigned NOT NULL DEFAULT '0',
  `name` varchar(128) CHARACTER SET ascii NOT NULL,
  `status` int(10) unsigned NOT NULL DEFAULT '1',
  `modified` timestamp NOT NULL DEFAULT CURRENT_TIMESTAMP,
  `modified_users_id` int(10) unsigned NOT NULL DEFAULT '2',
  `created` timestamp NOT NULL DEFAULT '2015-12-18 06:09:00',
  `created_users_id` int(10) unsigned NOT NULL DEFAULT '2',
  `published` datetime DEFAULT NULL,
  `sort` int(11) NOT NULL DEFAULT '0',
  PRIMARY KEY (`id`),
  UNIQUE KEY `name_parent_id` (`name`,`parent_id`),
  KEY `parent_id` (`parent_id`),
  KEY `templates_id` (`templates_id`),
  KEY `modified` (`modified`),
  KEY `created` (`created`),
  KEY `status` (`status`),
  KEY `published` (`published`)
) ENGINE=MyISAM AUTO_INCREMENT=1105 DEFAULT CHARSET=utf8;

INSERT INTO `pages` (`id`, `parent_id`, `templates_id`, `name`, `status`, `modified`, `modified_users_id`, `created`, `created_users_id`, `published`, `sort`) VALUES('1', '0', '1', 'home', '9', '2021-03-03 12:05:49', '41', '2021-03-01 10:11:23', '2', '2021-03-01 10:11:23', '0');
INSERT INTO `pages` (`id`, `parent_id`, `templates_id`, `name`, `status`, `modified`, `modified_users_id`, `created`, `created_users_id`, `published`, `sort`) VALUES('2', '1', '2', 'processwire', '1035', '2021-03-01 10:11:38', '40', '2021-03-01 10:11:23', '2', '2021-03-01 10:11:23', '5');
INSERT INTO `pages` (`id`, `parent_id`, `templates_id`, `name`, `status`, `modified`, `modified_users_id`, `created`, `created_users_id`, `published`, `sort`) VALUES('3', '2', '2', 'page', '21', '2021-03-01 10:11:23', '41', '2021-03-01 10:11:23', '2', '2021-03-01 10:11:23', '0');
INSERT INTO `pages` (`id`, `parent_id`, `templates_id`, `name`, `status`, `modified`, `modified_users_id`, `created`, `created_users_id`, `published`, `sort`) VALUES('6', '3', '2', 'add', '21', '2021-03-01 10:11:48', '40', '2021-03-01 10:11:23', '2', '2021-03-01 10:11:23', '1');
INSERT INTO `pages` (`id`, `parent_id`, `templates_id`, `name`, `status`, `modified`, `modified_users_id`, `created`, `created_users_id`, `published`, `sort`) VALUES('7', '1', '2', 'trash', '1039', '2021-03-01 10:11:23', '41', '2021-03-01 10:11:23', '2', '2021-03-01 10:11:23', '6');
INSERT INTO `pages` (`id`, `parent_id`, `templates_id`, `name`, `status`, `modified`, `modified_users_id`, `created`, `created_users_id`, `published`, `sort`) VALUES('8', '3', '2', 'list', '21', '2021-03-01 10:11:53', '41', '2021-03-01 10:11:23', '2', '2021-03-01 10:11:23', '0');
INSERT INTO `pages` (`id`, `parent_id`, `templates_id`, `name`, `status`, `modified`, `modified_users_id`, `created`, `created_users_id`, `published`, `sort`) VALUES('9', '3', '2', 'sort', '1047', '2021-03-01 10:11:23', '41', '2021-03-01 10:11:23', '2', '2021-03-01 10:11:23', '3');
INSERT INTO `pages` (`id`, `parent_id`, `templates_id`, `name`, `status`, `modified`, `modified_users_id`, `created`, `created_users_id`, `published`, `sort`) VALUES('10', '3', '2', 'edit', '1045', '2021-03-01 10:11:50', '41', '2021-03-01 10:11:23', '2', '2021-03-01 10:11:23', '4');
INSERT INTO `pages` (`id`, `parent_id`, `templates_id`, `name`, `status`, `modified`, `modified_users_id`, `created`, `created_users_id`, `published`, `sort`) VALUES('11', '22', '2', 'template', '21', '2021-03-01 10:11:23', '41', '2021-03-01 10:11:23', '2', '2021-03-01 10:11:23', '0');
INSERT INTO `pages` (`id`, `parent_id`, `templates_id`, `name`, `status`, `modified`, `modified_users_id`, `created`, `created_users_id`, `published`, `sort`) VALUES('16', '22', '2', 'field', '21', '2021-03-01 10:11:23', '41', '2021-03-01 10:11:23', '2', '2021-03-01 10:11:23', '2');
INSERT INTO `pages` (`id`, `parent_id`, `templates_id`, `name`, `status`, `modified`, `modified_users_id`, `created`, `created_users_id`, `published`, `sort`) VALUES('21', '2', '2', 'module', '21', '2021-03-01 10:11:23', '41', '2021-03-01 10:11:23', '2', '2021-03-01 10:11:23', '2');
INSERT INTO `pages` (`id`, `parent_id`, `templates_id`, `name`, `status`, `modified`, `modified_users_id`, `created`, `created_users_id`, `published`, `sort`) VALUES('22', '2', '2', 'setup', '21', '2021-03-01 10:11:23', '41', '2021-03-01 10:11:23', '2', '2021-03-01 10:11:23', '1');
INSERT INTO `pages` (`id`, `parent_id`, `templates_id`, `name`, `status`, `modified`, `modified_users_id`, `created`, `created_users_id`, `published`, `sort`) VALUES('23', '2', '2', 'login', '1035', '2021-03-01 10:11:23', '41', '2021-03-01 10:11:23', '2', '2021-03-01 10:11:23', '4');
INSERT INTO `pages` (`id`, `parent_id`, `templates_id`, `name`, `status`, `modified`, `modified_users_id`, `created`, `created_users_id`, `published`, `sort`) VALUES('27', '1', '29', 'http404', '1035', '2021-03-01 10:11:23', '41', '2021-03-01 10:11:23', '3', '2021-03-01 10:11:23', '4');
INSERT INTO `pages` (`id`, `parent_id`, `templates_id`, `name`, `status`, `modified`, `modified_users_id`, `created`, `created_users_id`, `published`, `sort`) VALUES('28', '2', '2', 'access', '13', '2021-03-01 10:11:23', '41', '2021-03-01 10:11:23', '2', '2021-03-01 10:11:23', '3');
INSERT INTO `pages` (`id`, `parent_id`, `templates_id`, `name`, `status`, `modified`, `modified_users_id`, `created`, `created_users_id`, `published`, `sort`) VALUES('29', '28', '2', 'users', '29', '2021-03-01 10:11:23', '41', '2021-03-01 10:11:23', '2', '2021-03-01 10:11:23', '0');
INSERT INTO `pages` (`id`, `parent_id`, `templates_id`, `name`, `status`, `modified`, `modified_users_id`, `created`, `created_users_id`, `published`, `sort`) VALUES('30', '28', '2', 'roles', '29', '2021-03-01 10:11:23', '41', '2021-03-01 10:11:23', '2', '2021-03-01 10:11:23', '1');
INSERT INTO `pages` (`id`, `parent_id`, `templates_id`, `name`, `status`, `modified`, `modified_users_id`, `created`, `created_users_id`, `published`, `sort`) VALUES('31', '28', '2', 'permissions', '29', '2021-03-01 10:11:23', '41', '2021-03-01 10:11:23', '2', '2021-03-01 10:11:23', '2');
INSERT INTO `pages` (`id`, `parent_id`, `templates_id`, `name`, `status`, `modified`, `modified_users_id`, `created`, `created_users_id`, `published`, `sort`) VALUES('32', '31', '5', 'page-edit', '25', '2021-03-01 10:11:23', '41', '2021-03-01 10:11:23', '2', '2021-03-01 10:11:23', '2');
INSERT INTO `pages` (`id`, `parent_id`, `templates_id`, `name`, `status`, `modified`, `modified_users_id`, `created`, `created_users_id`, `published`, `sort`) VALUES('34', '31', '5', 'page-delete', '25', '2021-03-01 10:11:23', '41', '2021-03-01 10:11:23', '2', '2021-03-01 10:11:23', '3');
INSERT INTO `pages` (`id`, `parent_id`, `templates_id`, `name`, `status`, `modified`, `modified_users_id`, `created`, `created_users_id`, `published`, `sort`) VALUES('35', '31', '5', 'page-move', '25', '2021-03-01 10:11:23', '41', '2021-03-01 10:11:23', '2', '2021-03-01 10:11:23', '4');
INSERT INTO `pages` (`id`, `parent_id`, `templates_id`, `name`, `status`, `modified`, `modified_users_id`, `created`, `created_users_id`, `published`, `sort`) VALUES('36', '31', '5', 'page-view', '25', '2021-03-01 10:11:23', '41', '2021-03-01 10:11:23', '2', '2021-03-01 10:11:23', '0');
INSERT INTO `pages` (`id`, `parent_id`, `templates_id`, `name`, `status`, `modified`, `modified_users_id`, `created`, `created_users_id`, `published`, `sort`) VALUES('37', '30', '4', 'guest', '25', '2021-03-01 10:11:23', '41', '2021-03-01 10:11:23', '2', '2021-03-01 10:11:23', '0');
INSERT INTO `pages` (`id`, `parent_id`, `templates_id`, `name`, `status`, `modified`, `modified_users_id`, `created`, `created_users_id`, `published`, `sort`) VALUES('38', '30', '4', 'superuser', '25', '2021-03-01 10:11:23', '41', '2021-03-01 10:11:23', '2', '2021-03-01 10:11:23', '1');
INSERT INTO `pages` (`id`, `parent_id`, `templates_id`, `name`, `status`, `modified`, `modified_users_id`, `created`, `created_users_id`, `published`, `sort`) VALUES('41', '29', '3', 'manager', '1', '2021-03-01 10:52:58', '41', '2021-03-01 10:11:23', '2', '2021-03-01 10:11:23', '0');
INSERT INTO `pages` (`id`, `parent_id`, `templates_id`, `name`, `status`, `modified`, `modified_users_id`, `created`, `created_users_id`, `published`, `sort`) VALUES('40', '29', '3', 'guest', '25', '2021-03-01 10:52:58', '41', '2021-03-01 10:11:23', '2', '2021-03-01 10:11:23', '1');
INSERT INTO `pages` (`id`, `parent_id`, `templates_id`, `name`, `status`, `modified`, `modified_users_id`, `created`, `created_users_id`, `published`, `sort`) VALUES('50', '31', '5', 'page-sort', '25', '2021-03-01 10:11:23', '41', '2021-03-01 10:11:23', '41', '2021-03-01 10:11:23', '5');
INSERT INTO `pages` (`id`, `parent_id`, `templates_id`, `name`, `status`, `modified`, `modified_users_id`, `created`, `created_users_id`, `published`, `sort`) VALUES('51', '31', '5', 'page-template', '25', '2021-03-01 10:11:23', '41', '2021-03-01 10:11:23', '41', '2021-03-01 10:11:23', '6');
INSERT INTO `pages` (`id`, `parent_id`, `templates_id`, `name`, `status`, `modified`, `modified_users_id`, `created`, `created_users_id`, `published`, `sort`) VALUES('52', '31', '5', 'user-admin', '25', '2021-03-01 10:11:23', '41', '2021-03-01 10:11:23', '41', '2021-03-01 10:11:23', '10');
INSERT INTO `pages` (`id`, `parent_id`, `templates_id`, `name`, `status`, `modified`, `modified_users_id`, `created`, `created_users_id`, `published`, `sort`) VALUES('53', '31', '5', 'profile-edit', '1', '2021-03-01 10:11:23', '41', '2021-03-01 10:11:23', '41', '2021-03-01 10:11:23', '13');
INSERT INTO `pages` (`id`, `parent_id`, `templates_id`, `name`, `status`, `modified`, `modified_users_id`, `created`, `created_users_id`, `published`, `sort`) VALUES('54', '31', '5', 'page-lock', '1', '2021-03-01 10:11:23', '41', '2021-03-01 10:11:23', '41', '2021-03-01 10:11:23', '8');
INSERT INTO `pages` (`id`, `parent_id`, `templates_id`, `name`, `status`, `modified`, `modified_users_id`, `created`, `created_users_id`, `published`, `sort`) VALUES('300', '3', '2', 'search', '1045', '2021-03-01 10:11:23', '41', '2021-03-01 10:11:23', '2', '2021-03-01 10:11:23', '6');
INSERT INTO `pages` (`id`, `parent_id`, `templates_id`, `name`, `status`, `modified`, `modified_users_id`, `created`, `created_users_id`, `published`, `sort`) VALUES('301', '3', '2', 'trash', '1047', '2021-03-01 10:11:23', '41', '2021-03-01 10:11:23', '2', '2021-03-01 10:11:23', '6');
INSERT INTO `pages` (`id`, `parent_id`, `templates_id`, `name`, `status`, `modified`, `modified_users_id`, `created`, `created_users_id`, `published`, `sort`) VALUES('302', '3', '2', 'link', '1041', '2021-03-01 10:11:23', '41', '2021-03-01 10:11:23', '2', '2021-03-01 10:11:23', '7');
INSERT INTO `pages` (`id`, `parent_id`, `templates_id`, `name`, `status`, `modified`, `modified_users_id`, `created`, `created_users_id`, `published`, `sort`) VALUES('303', '3', '2', 'image', '1041', '2021-03-01 10:11:23', '41', '2021-03-01 10:11:23', '2', '2021-03-01 10:11:23', '8');
INSERT INTO `pages` (`id`, `parent_id`, `templates_id`, `name`, `status`, `modified`, `modified_users_id`, `created`, `created_users_id`, `published`, `sort`) VALUES('304', '2', '2', 'profile', '1025', '2021-03-01 10:11:23', '41', '2021-03-01 10:11:23', '41', '2021-03-01 10:11:23', '5');
INSERT INTO `pages` (`id`, `parent_id`, `templates_id`, `name`, `status`, `modified`, `modified_users_id`, `created`, `created_users_id`, `published`, `sort`) VALUES('1006', '31', '5', 'page-lister', '1', '2021-03-01 10:11:23', '40', '2021-03-01 10:11:23', '40', '2021-03-01 10:11:23', '9');
INSERT INTO `pages` (`id`, `parent_id`, `templates_id`, `name`, `status`, `modified`, `modified_users_id`, `created`, `created_users_id`, `published`, `sort`) VALUES('1007', '3', '2', 'lister', '1', '2021-03-01 10:11:23', '40', '2021-03-01 10:11:23', '40', '2021-03-01 10:11:23', '9');
INSERT INTO `pages` (`id`, `parent_id`, `templates_id`, `name`, `status`, `modified`, `modified_users_id`, `created`, `created_users_id`, `published`, `sort`) VALUES('1010', '3', '2', 'recent-pages', '1', '2021-03-01 10:11:36', '40', '2021-03-01 10:11:36', '40', '2021-03-01 10:11:36', '10');
INSERT INTO `pages` (`id`, `parent_id`, `templates_id`, `name`, `status`, `modified`, `modified_users_id`, `created`, `created_users_id`, `published`, `sort`) VALUES('1011', '31', '5', 'page-edit-recent', '1', '2021-03-01 10:11:36', '40', '2021-03-01 10:11:36', '40', '2021-03-01 10:11:36', '10');
INSERT INTO `pages` (`id`, `parent_id`, `templates_id`, `name`, `status`, `modified`, `modified_users_id`, `created`, `created_users_id`, `published`, `sort`) VALUES('1012', '22', '2', 'logs', '1', '2021-03-01 10:11:43', '40', '2021-03-01 10:11:43', '40', '2021-03-01 10:11:43', '2');
INSERT INTO `pages` (`id`, `parent_id`, `templates_id`, `name`, `status`, `modified`, `modified_users_id`, `created`, `created_users_id`, `published`, `sort`) VALUES('1013', '31', '5', 'logs-view', '1', '2021-03-01 10:11:43', '40', '2021-03-01 10:11:43', '40', '2021-03-01 10:11:43', '11');
INSERT INTO `pages` (`id`, `parent_id`, `templates_id`, `name`, `status`, `modified`, `modified_users_id`, `created`, `created_users_id`, `published`, `sort`) VALUES('1014', '31', '5', 'logs-edit', '1', '2021-03-01 10:11:43', '40', '2021-03-01 10:11:43', '40', '2021-03-01 10:11:43', '12');
INSERT INTO `pages` (`id`, `parent_id`, `templates_id`, `name`, `status`, `modified`, `modified_users_id`, `created`, `created_users_id`, `published`, `sort`) VALUES('1015', '22', '2', 'adminer', '1', '2021-03-01 10:50:21', '41', '2021-03-01 10:50:21', '41', '2021-03-01 10:50:21', '3');
INSERT INTO `pages` (`id`, `parent_id`, `templates_id`, `name`, `status`, `modified`, `modified_users_id`, `created`, `created_users_id`, `published`, `sort`) VALUES('1016', '31', '5', 'lang-edit', '1', '2021-03-01 10:52:57', '41', '2021-03-01 10:52:57', '41', '2021-03-01 10:52:57', '13');
INSERT INTO `pages` (`id`, `parent_id`, `templates_id`, `name`, `status`, `modified`, `modified_users_id`, `created`, `created_users_id`, `published`, `sort`) VALUES('1017', '22', '2', 'languages', '16', '2021-03-01 10:52:58', '41', '2021-03-01 10:52:58', '41', '2021-03-01 10:52:58', '4');
INSERT INTO `pages` (`id`, `parent_id`, `templates_id`, `name`, `status`, `modified`, `modified_users_id`, `created`, `created_users_id`, `published`, `sort`) VALUES('1018', '1017', '43', 'default', '16', '2021-03-01 10:55:44', '41', '2021-03-01 10:52:58', '41', '2021-03-01 10:52:58', '0');
INSERT INTO `pages` (`id`, `parent_id`, `templates_id`, `name`, `status`, `modified`, `modified_users_id`, `created`, `created_users_id`, `published`, `sort`) VALUES('1019', '22', '2', 'language-translator', '1040', '2021-03-01 10:52:58', '41', '2021-03-01 10:52:58', '41', '2021-03-01 10:52:58', '5');
INSERT INTO `pages` (`id`, `parent_id`, `templates_id`, `name`, `status`, `modified`, `modified_users_id`, `created`, `created_users_id`, `published`, `sort`) VALUES('1020', '1', '29', 'obory-uvodni-stranka', '1025', '2021-03-01 11:16:22', '41', '2021-03-01 11:15:40', '41', '2021-03-01 11:16:22', '3');
INSERT INTO `pages` (`id`, `parent_id`, `templates_id`, `name`, `status`, `modified`, `modified_users_id`, `created`, `created_users_id`, `published`, `sort`) VALUES('1021', '1020', '44', 'zajima-vas-podnikani-a-sluzby-v-cestovnim-ruchu', '1', '2021-03-28 17:56:41', '41', '2021-03-01 11:27:33', '41', '2021-03-01 11:27:45', '0');
INSERT INTO `pages` (`id`, `parent_id`, `templates_id`, `name`, `status`, `modified`, `modified_users_id`, `created`, `created_users_id`, `published`, `sort`) VALUES('1022', '1020', '44', 'zajima-vas-podnikani-a-sluzby-v-pozemnim-stavitelstvi', '1', '2021-03-28 17:56:53', '41', '2021-03-01 11:29:13', '41', '2021-03-01 11:29:21', '1');
INSERT INTO `pages` (`id`, `parent_id`, `templates_id`, `name`, `status`, `modified`, `modified_users_id`, `created`, `created_users_id`, `published`, `sort`) VALUES('1023', '1020', '44', 'zajima-vas-podnikani-a-internetove-sluzby', '1', '2021-03-28 17:58:57', '41', '2021-03-01 11:29:36', '41', '2021-03-01 11:29:43', '2');
INSERT INTO `pages` (`id`, `parent_id`, `templates_id`, `name`, `status`, `modified`, `modified_users_id`, `created`, `created_users_id`, `published`, `sort`) VALUES('1024', '1', '29', 'reference', '1025', '2021-03-03 16:19:36', '41', '2021-03-03 10:39:27', '41', '2021-03-03 10:42:24', '4');
INSERT INTO `pages` (`id`, `parent_id`, `templates_id`, `name`, `status`, `modified`, `modified_users_id`, `created`, `created_users_id`, `published`, `sort`) VALUES('1025', '1024', '45', 'jan-ryszawy', '1', '2021-03-03 10:43:34', '41', '2021-03-03 10:43:06', '41', '2021-03-03 10:43:18', '0');
INSERT INTO `pages` (`id`, `parent_id`, `templates_id`, `name`, `status`, `modified`, `modified_users_id`, `created`, `created_users_id`, `published`, `sort`) VALUES('1026', '1024', '45', 'petra-martynkova', '1', '2021-03-03 10:46:35', '41', '2021-03-03 10:45:11', '41', '2021-03-03 10:45:23', '1');
INSERT INTO `pages` (`id`, `parent_id`, `templates_id`, `name`, `status`, `modified`, `modified_users_id`, `created`, `created_users_id`, `published`, `sort`) VALUES('1027', '1024', '45', 'pavla-razova', '1', '2021-03-03 10:47:05', '41', '2021-03-03 10:46:48', '41', '2021-03-03 10:46:59', '2');
INSERT INTO `pages` (`id`, `parent_id`, `templates_id`, `name`, `status`, `modified`, `modified_users_id`, `created`, `created_users_id`, `published`, `sort`) VALUES('1028', '1024', '45', 'lenka-strausova', '1', '2021-03-03 10:47:48', '41', '2021-03-03 10:47:33', '41', '2021-03-03 10:47:48', '3');
INSERT INTO `pages` (`id`, `parent_id`, `templates_id`, `name`, `status`, `modified`, `modified_users_id`, `created`, `created_users_id`, `published`, `sort`) VALUES('1029', '1024', '45', 'andrea-demjanovicova', '1', '2021-03-03 10:49:12', '41', '2021-03-03 10:48:54', '41', '2021-03-03 10:49:05', '4');
INSERT INTO `pages` (`id`, `parent_id`, `templates_id`, `name`, `status`, `modified`, `modified_users_id`, `created`, `created_users_id`, `published`, `sort`) VALUES('1030', '1', '47', 'aktuality', '1', '2021-03-07 11:33:18', '41', '2021-03-03 15:42:14', '41', '2021-03-03 15:43:02', '5');
INSERT INTO `pages` (`id`, `parent_id`, `templates_id`, `name`, `status`, `modified`, `modified_users_id`, `created`, `created_users_id`, `published`, `sort`) VALUES('1031', '1030', '46', 'primmat-preje-stastny-novy-rok-2021', '1', '2021-03-05 12:49:38', '41', '2021-03-05 11:43:32', '41', '2021-03-05 11:45:11', '0');
INSERT INTO `pages` (`id`, `parent_id`, `templates_id`, `name`, `status`, `modified`, `modified_users_id`, `created`, `created_users_id`, `published`, `sort`) VALUES('1032', '1030', '46', 'vanocni-dny-ocima-studentu-1-rocniku', '1', '2021-03-05 11:47:11', '41', '2021-03-05 11:46:20', '41', '2021-03-05 11:47:11', '1');
INSERT INTO `pages` (`id`, `parent_id`, `templates_id`, `name`, `status`, `modified`, `modified_users_id`, `created`, `created_users_id`, `published`, `sort`) VALUES('1033', '1', '49', 'dulezite-upozorneni', '1025', '2021-03-07 11:34:04', '41', '2021-03-05 11:47:54', '41', '2021-03-05 11:48:02', '6');
INSERT INTO `pages` (`id`, `parent_id`, `templates_id`, `name`, `status`, `modified`, `modified_users_id`, `created`, `created_users_id`, `published`, `sort`) VALUES('1037', '1033', '48', 'online-veletrh-strednich-skol-moravskoslezskeho-kraje', '1', '2021-03-05 12:11:26', '41', '2021-03-05 12:10:12', '41', '2021-03-05 12:11:17', '0');
INSERT INTO `pages` (`id`, `parent_id`, `templates_id`, `name`, `status`, `modified`, `modified_users_id`, `created`, `created_users_id`, `published`, `sort`) VALUES('1040', '1', '50', 'o-skole', '1', '2021-03-16 14:15:20', '41', '2021-03-10 11:49:59', '41', '2021-03-10 11:51:11', '7');
INSERT INTO `pages` (`id`, `parent_id`, `templates_id`, `name`, `status`, `modified`, `modified_users_id`, `created`, `created_users_id`, `published`, `sort`) VALUES('1041', '1040', '50', 'vize-skoly', '1', '2021-03-10 15:39:35', '41', '2021-03-10 11:53:41', '41', '2021-03-10 11:53:46', '0');
INSERT INTO `pages` (`id`, `parent_id`, `templates_id`, `name`, `status`, `modified`, `modified_users_id`, `created`, `created_users_id`, `published`, `sort`) VALUES('1042', '1040', '50', 'studijni-obory', '1', '2021-03-12 17:48:07', '41', '2021-03-10 11:54:08', '41', '2021-03-10 11:54:11', '1');
INSERT INTO `pages` (`id`, `parent_id`, `templates_id`, `name`, `status`, `modified`, `modified_users_id`, `created`, `created_users_id`, `published`, `sort`) VALUES('1043', '1040', '50', 'pracovnici-skoly', '1', '2021-03-10 17:49:19', '41', '2021-03-10 11:54:33', '41', '2021-03-10 11:54:37', '2');
INSERT INTO `pages` (`id`, `parent_id`, `templates_id`, `name`, `status`, `modified`, `modified_users_id`, `created`, `created_users_id`, `published`, `sort`) VALUES('1044', '1040', '55', 'evropske-projekty', '1', '2021-03-16 15:22:30', '41', '2021-03-10 11:55:08', '41', '2021-03-10 11:55:12', '3');
INSERT INTO `pages` (`id`, `parent_id`, `templates_id`, `name`, `status`, `modified`, `modified_users_id`, `created`, `created_users_id`, `published`, `sort`) VALUES('1045', '1041', '44', 'progresivita-vzdelavani', '1', '2021-03-10 15:23:56', '41', '2021-03-10 15:21:09', '41', '2021-03-10 15:21:28', '0');
INSERT INTO `pages` (`id`, `parent_id`, `templates_id`, `name`, `status`, `modified`, `modified_users_id`, `created`, `created_users_id`, `published`, `sort`) VALUES('1046', '1041', '44', 'komunikace', '1', '2021-03-10 15:24:22', '41', '2021-03-10 15:24:15', '41', '2021-03-10 15:24:22', '1');
INSERT INTO `pages` (`id`, `parent_id`, `templates_id`, `name`, `status`, `modified`, `modified_users_id`, `created`, `created_users_id`, `published`, `sort`) VALUES('1047', '1041', '44', 'sounalezitost-se-skolou', '1', '2021-03-10 15:24:51', '41', '2021-03-10 15:24:35', '41', '2021-03-10 15:24:45', '2');
INSERT INTO `pages` (`id`, `parent_id`, `templates_id`, `name`, `status`, `modified`, `modified_users_id`, `created`, `created_users_id`, `published`, `sort`) VALUES('1048', '1041', '44', 'profesionalita', '1', '2021-03-10 15:25:15', '41', '2021-03-10 15:25:10', '41', '2021-03-10 15:25:15', '3');
INSERT INTO `pages` (`id`, `parent_id`, `templates_id`, `name`, `status`, `modified`, `modified_users_id`, `created`, `created_users_id`, `published`, `sort`) VALUES('1049', '1041', '44', 'pedagogicka-etika', '1', '2021-03-10 15:25:42', '41', '2021-03-10 15:25:35', '41', '2021-03-10 15:25:42', '4');
INSERT INTO `pages` (`id`, `parent_id`, `templates_id`, `name`, `status`, `modified`, `modified_users_id`, `created`, `created_users_id`, `published`, `sort`) VALUES('1050', '1041', '44', 'respektovani-pravidel', '1', '2021-03-10 15:26:22', '41', '2021-03-10 15:25:55', '41', '2021-03-10 15:26:01', '5');
INSERT INTO `pages` (`id`, `parent_id`, `templates_id`, `name`, `status`, `modified`, `modified_users_id`, `created`, `created_users_id`, `published`, `sort`) VALUES('1051', '1043', '51', 'mgr-eva-zykmundova', '1', '2021-03-10 16:52:21', '41', '2021-03-10 16:51:20', '41', '2021-03-10 16:51:59', '0');
INSERT INTO `pages` (`id`, `parent_id`, `templates_id`, `name`, `status`, `modified`, `modified_users_id`, `created`, `created_users_id`, `published`, `sort`) VALUES('1052', '1043', '51', 'mgr-ivana-matulova', '1', '2021-03-10 16:56:35', '41', '2021-03-10 16:52:49', '41', '2021-03-10 16:53:27', '1');
INSERT INTO `pages` (`id`, `parent_id`, `templates_id`, `name`, `status`, `modified`, `modified_users_id`, `created`, `created_users_id`, `published`, `sort`) VALUES('1053', '1043', '51', 'mgr-ing-lenka-kotaskova', '1', '2021-03-10 18:23:29', '41', '2021-03-10 18:23:19', '41', '2021-03-10 18:23:29', '2');
INSERT INTO `pages` (`id`, `parent_id`, `templates_id`, `name`, `status`, `modified`, `modified_users_id`, `created`, `created_users_id`, `published`, `sort`) VALUES('1054', '1043', '51', 'ing-yvetta-fickova', '1', '2021-03-10 18:23:57', '41', '2021-03-10 18:23:45', '41', '2021-03-10 18:23:57', '3');
INSERT INTO `pages` (`id`, `parent_id`, `templates_id`, `name`, `status`, `modified`, `modified_users_id`, `created`, `created_users_id`, `published`, `sort`) VALUES('1055', '1043', '51', 'mgr-ondrej-marek', '1', '2021-03-10 18:24:25', '41', '2021-03-10 18:24:15', '41', '2021-03-10 18:24:25', '4');
INSERT INTO `pages` (`id`, `parent_id`, `templates_id`, `name`, `status`, `modified`, `modified_users_id`, `created`, `created_users_id`, `published`, `sort`) VALUES('1056', '1043', '51', 'mgr-tomas-franek', '1', '2021-03-10 18:24:46', '41', '2021-03-10 18:24:38', '41', '2021-03-10 18:24:46', '5');
INSERT INTO `pages` (`id`, `parent_id`, `templates_id`, `name`, `status`, `modified`, `modified_users_id`, `created`, `created_users_id`, `published`, `sort`) VALUES('1057', '1043', '51', 'ing-monika-kocvarova', '1', '2021-03-10 18:25:16', '41', '2021-03-10 18:25:09', '41', '2021-03-10 18:25:16', '6');
INSERT INTO `pages` (`id`, `parent_id`, `templates_id`, `name`, `status`, `modified`, `modified_users_id`, `created`, `created_users_id`, `published`, `sort`) VALUES('1058', '1043', '51', 'mgr-et-mgr-romana-pinkavova', '1', '2021-03-10 18:25:41', '41', '2021-03-10 18:25:33', '41', '2021-03-10 18:25:41', '7');
INSERT INTO `pages` (`id`, `parent_id`, `templates_id`, `name`, `status`, `modified`, `modified_users_id`, `created`, `created_users_id`, `published`, `sort`) VALUES('1059', '1043', '51', 'mgr-magda-kanalasova', '1', '2021-03-10 18:26:10', '41', '2021-03-10 18:26:03', '41', '2021-03-10 18:26:10', '8');
INSERT INTO `pages` (`id`, `parent_id`, `templates_id`, `name`, `status`, `modified`, `modified_users_id`, `created`, `created_users_id`, `published`, `sort`) VALUES('1060', '1043', '51', 'ing-antonin-koblizka', '1', '2021-03-10 18:26:31', '41', '2021-03-10 18:26:24', '41', '2021-03-10 18:26:31', '9');
INSERT INTO `pages` (`id`, `parent_id`, `templates_id`, `name`, `status`, `modified`, `modified_users_id`, `created`, `created_users_id`, `published`, `sort`) VALUES('1061', '1043', '51', 'mgr-tomas-kopec', '1', '2021-03-10 18:26:56', '41', '2021-03-10 18:26:46', '41', '2021-03-10 18:26:56', '10');
INSERT INTO `pages` (`id`, `parent_id`, `templates_id`, `name`, `status`, `modified`, `modified_users_id`, `created`, `created_users_id`, `published`, `sort`) VALUES('1062', '1043', '51', 'ing-michaela-sic', '1', '2021-03-10 18:27:14', '41', '2021-03-10 18:27:07', '41', '2021-03-10 18:27:14', '11');
INSERT INTO `pages` (`id`, `parent_id`, `templates_id`, `name`, `status`, `modified`, `modified_users_id`, `created`, `created_users_id`, `published`, `sort`) VALUES('1063', '1043', '51', 'ing-premysl-pilch', '1', '2021-03-10 18:27:39', '41', '2021-03-10 18:27:31', '41', '2021-03-10 18:27:39', '12');
INSERT INTO `pages` (`id`, `parent_id`, `templates_id`, `name`, `status`, `modified`, `modified_users_id`, `created`, `created_users_id`, `published`, `sort`) VALUES('1064', '1043', '51', 'ing-ludek-chovanec', '1', '2021-03-10 18:28:00', '41', '2021-03-10 18:27:51', '41', '2021-03-10 18:28:00', '13');
INSERT INTO `pages` (`id`, `parent_id`, `templates_id`, `name`, `status`, `modified`, `modified_users_id`, `created`, `created_users_id`, `published`, `sort`) VALUES('1065', '1043', '51', 'marie-komurkova', '1', '2021-03-10 18:28:23', '41', '2021-03-10 18:28:14', '41', '2021-03-10 18:28:23', '14');
INSERT INTO `pages` (`id`, `parent_id`, `templates_id`, `name`, `status`, `modified`, `modified_users_id`, `created`, `created_users_id`, `published`, `sort`) VALUES('1066', '1043', '51', 'pavel-tajdus', '1', '2021-03-10 18:28:40', '41', '2021-03-10 18:28:34', '41', '2021-03-10 18:28:40', '15');
INSERT INTO `pages` (`id`, `parent_id`, `templates_id`, `name`, `status`, `modified`, `modified_users_id`, `created`, `created_users_id`, `published`, `sort`) VALUES('1067', '1043', '51', 'ing-radek-michalak-ph.d', '1', '2021-03-10 18:29:00', '41', '2021-03-10 18:28:52', '41', '2021-03-10 18:29:00', '16');
INSERT INTO `pages` (`id`, `parent_id`, `templates_id`, `name`, `status`, `modified`, `modified_users_id`, `created`, `created_users_id`, `published`, `sort`) VALUES('1068', '1043', '51', 'mgr-jiri-karasek', '1', '2021-03-10 18:29:23', '41', '2021-03-10 18:29:15', '41', '2021-03-10 18:29:23', '17');
INSERT INTO `pages` (`id`, `parent_id`, `templates_id`, `name`, `status`, `modified`, `modified_users_id`, `created`, `created_users_id`, `published`, `sort`) VALUES('1069', '1043', '51', 'mgr-zdenek-matula', '1', '2021-03-10 18:31:13', '41', '2021-03-10 18:31:04', '41', '2021-03-10 18:31:13', '18');
INSERT INTO `pages` (`id`, `parent_id`, `templates_id`, `name`, `status`, `modified`, `modified_users_id`, `created`, `created_users_id`, `published`, `sort`) VALUES('1070', '1043', '51', 'andrea-fajkusova', '1', '2021-03-10 18:31:33', '41', '2021-03-10 18:31:26', '41', '2021-03-10 18:31:33', '19');
INSERT INTO `pages` (`id`, `parent_id`, `templates_id`, `name`, `status`, `modified`, `modified_users_id`, `created`, `created_users_id`, `published`, `sort`) VALUES('1071', '1042', '53', 'cestovni-ruch', '1', '2021-03-16 14:08:09', '41', '2021-03-12 15:42:48', '41', '2021-03-12 15:44:05', '0');
INSERT INTO `pages` (`id`, `parent_id`, `templates_id`, `name`, `status`, `modified`, `modified_users_id`, `created`, `created_users_id`, `published`, `sort`) VALUES('1072', '1042', '53', 'pozemni-stavitelstvi', '1', '2021-03-16 14:05:21', '41', '2021-03-12 15:52:49', '41', '2021-03-12 15:53:38', '1');
INSERT INTO `pages` (`id`, `parent_id`, `templates_id`, `name`, `status`, `modified`, `modified_users_id`, `created`, `created_users_id`, `published`, `sort`) VALUES('1073', '1042', '53', 'internetove-sluzby', '1', '2021-03-29 15:18:43', '41', '2021-03-12 15:54:26', '41', '2021-03-12 15:55:38', '2');
INSERT INTO `pages` (`id`, `parent_id`, `templates_id`, `name`, `status`, `modified`, `modified_users_id`, `created`, `created_users_id`, `published`, `sort`) VALUES('1074', '1', '44', 'whystudyus', '1025', '2021-03-23 16:11:31', '41', '2021-03-12 16:01:11', '41', '2021-03-12 16:01:23', '8');
INSERT INTO `pages` (`id`, `parent_id`, `templates_id`, `name`, `status`, `modified`, `modified_users_id`, `created`, `created_users_id`, `published`, `sort`) VALUES('1075', '1074', '54', 'prakticke-znalosti', '1', '2021-03-12 17:05:38', '41', '2021-03-12 17:05:26', '41', '2021-03-12 17:05:38', '0');
INSERT INTO `pages` (`id`, `parent_id`, `templates_id`, `name`, `status`, `modified`, `modified_users_id`, `created`, `created_users_id`, `published`, `sort`) VALUES('1076', '1074', '54', 'individualni-pristup', '1', '2021-03-12 17:06:27', '41', '2021-03-12 17:05:57', '41', '2021-03-12 17:06:27', '1');
INSERT INTO `pages` (`id`, `parent_id`, `templates_id`, `name`, `status`, `modified`, `modified_users_id`, `created`, `created_users_id`, `published`, `sort`) VALUES('1077', '1074', '54', 'siroke-uplatneni', '1', '2021-03-12 17:07:09', '41', '2021-03-12 17:06:51', '41', '2021-03-12 17:07:06', '2');
INSERT INTO `pages` (`id`, `parent_id`, `templates_id`, `name`, `status`, `modified`, `modified_users_id`, `created`, `created_users_id`, `published`, `sort`) VALUES('1078', '1074', '54', 'pohodove-skolni-klima', '1', '2021-03-12 17:08:00', '41', '2021-03-12 17:07:43', '41', '2021-03-12 17:07:49', '3');
INSERT INTO `pages` (`id`, `parent_id`, `templates_id`, `name`, `status`, `modified`, `modified_users_id`, `created`, `created_users_id`, `published`, `sort`) VALUES('1079', '1', '55', 'chci-na-primmat', '1', '2021-03-16 17:09:17', '41', '2021-03-16 16:54:05', '41', '2021-03-16 16:54:08', '9');
INSERT INTO `pages` (`id`, `parent_id`, `templates_id`, `name`, `status`, `modified`, `modified_users_id`, `created`, `created_users_id`, `published`, `sort`) VALUES('1080', '1079', '55', 'prijimaci-rizeni', '1', '2021-03-28 19:22:25', '41', '2021-03-16 17:11:35', '41', '2021-03-16 17:12:05', '0');
INSERT INTO `pages` (`id`, `parent_id`, `templates_id`, `name`, `status`, `modified`, `modified_users_id`, `created`, `created_users_id`, `published`, `sort`) VALUES('1081', '1079', '55', 'priprava-na-prijimaci-zkousky', '1', '2021-03-16 17:35:05', '41', '2021-03-16 17:12:24', '41', '2021-03-16 17:12:38', '1');
INSERT INTO `pages` (`id`, `parent_id`, `templates_id`, `name`, `status`, `modified`, `modified_users_id`, `created`, `created_users_id`, `published`, `sort`) VALUES('1082', '1', '55', 'pro-studenty-a-rodice', '1', '2021-03-17 16:06:30', '41', '2021-03-17 16:05:54', '41', '2021-03-17 16:06:30', '10');
INSERT INTO `pages` (`id`, `parent_id`, `templates_id`, `name`, `status`, `modified`, `modified_users_id`, `created`, `created_users_id`, `published`, `sort`) VALUES('1083', '1082', '55', 'dokumenty', '1', '2021-03-17 16:20:11', '41', '2021-03-17 16:06:45', '41', '2021-03-17 16:06:49', '0');
INSERT INTO `pages` (`id`, `parent_id`, `templates_id`, `name`, `status`, `modified`, `modified_users_id`, `created`, `created_users_id`, `published`, `sort`) VALUES('1084', '1082', '55', 'maturita', '1', '2021-03-23 13:43:22', '41', '2021-03-17 16:07:03', '41', '2021-03-17 16:07:11', '1');
INSERT INTO `pages` (`id`, `parent_id`, `templates_id`, `name`, `status`, `modified`, `modified_users_id`, `created`, `created_users_id`, `published`, `sort`) VALUES('1085', '1082', '55', 'poradenske-sluzby', '1', '2021-03-23 14:42:19', '41', '2021-03-17 16:07:24', '41', '2021-03-17 16:07:37', '2');
INSERT INTO `pages` (`id`, `parent_id`, `templates_id`, `name`, `status`, `modified`, `modified_users_id`, `created`, `created_users_id`, `published`, `sort`) VALUES('1086', '1084', '55', 'skolni-seznam-literarnich-del-k-maturitni-zkousce-z-ceskeho-jazyka-a-literatury', '1', '2021-03-17 16:22:09', '41', '2021-03-17 16:21:38', '41', '2021-03-17 16:22:09', '0');
INSERT INTO `pages` (`id`, `parent_id`, `templates_id`, `name`, `status`, `modified`, `modified_users_id`, `created`, `created_users_id`, `published`, `sort`) VALUES('1087', '1084', '55', 'okruhy-pro-mz-z-anglickeho-jazyka', '1', '2021-03-19 14:01:05', '41', '2021-03-17 16:26:31', '41', '2021-03-17 16:26:39', '5');
INSERT INTO `pages` (`id`, `parent_id`, `templates_id`, `name`, `status`, `modified`, `modified_users_id`, `created`, `created_users_id`, `published`, `sort`) VALUES('1088', '1084', '55', 'maruritni-okruhy-geografie-a-cestovni-ruch', '1', '2021-03-17 16:27:29', '41', '2021-03-17 16:26:58', '41', '2021-03-17 16:27:29', '2');
INSERT INTO `pages` (`id`, `parent_id`, `templates_id`, `name`, `status`, `modified`, `modified_users_id`, `created`, `created_users_id`, `published`, `sort`) VALUES('1089', '1084', '55', 'maturitni-okruhy-isa', '1', '2021-03-19 14:01:40', '41', '2021-03-17 16:27:48', '41', '2021-03-17 16:28:01', '6');
INSERT INTO `pages` (`id`, `parent_id`, `templates_id`, `name`, `status`, `modified`, `modified_users_id`, `created`, `created_users_id`, `published`, `sort`) VALUES('1090', '1084', '55', 'maturitni-temata-podnikatelstvi-intern-sluzby', '1', '2021-03-19 14:01:23', '41', '2021-03-17 16:28:24', '41', '2021-03-17 16:29:07', '4');
INSERT INTO `pages` (`id`, `parent_id`, `templates_id`, `name`, `status`, `modified`, `modified_users_id`, `created`, `created_users_id`, `published`, `sort`) VALUES('1091', '1084', '55', 'maturitni-temata-podnikatelstvi-obchodnici', '1', '2021-03-17 16:29:55', '41', '2021-03-17 16:29:45', '41', '2021-03-17 16:29:55', '3');
INSERT INTO `pages` (`id`, `parent_id`, `templates_id`, `name`, `status`, `modified`, `modified_users_id`, `created`, `created_users_id`, `published`, `sort`) VALUES('1092', '1084', '55', 'maturitni-temata-z-pozemniho-stavitelstvi', '1', '2021-03-19 14:00:50', '41', '2021-03-17 16:30:19', '41', '2021-03-17 16:34:12', '1');
INSERT INTO `pages` (`id`, `parent_id`, `templates_id`, `name`, `status`, `modified`, `modified_users_id`, `created`, `created_users_id`, `published`, `sort`) VALUES('1093', '1', '56', 'kontakt', '1', '2021-03-23 14:54:25', '41', '2021-03-23 14:53:47', '41', '2021-03-23 14:53:57', '11');
INSERT INTO `pages` (`id`, `parent_id`, `templates_id`, `name`, `status`, `modified`, `modified_users_id`, `created`, `created_users_id`, `published`, `sort`) VALUES('1094', '1030', '46', 'dodatecne-rozhodnuti-rs-o-nekonani-skolni-prijimaci-zkousky', '1', '2021-03-23 16:25:13', '41', '2021-03-23 16:24:48', '41', '2021-03-23 16:25:13', '2');
INSERT INTO `pages` (`id`, `parent_id`, `templates_id`, `name`, `status`, `modified`, `modified_users_id`, `created`, `created_users_id`, `published`, `sort`) VALUES('1095', '1030', '46', 'v-ramci-projektu-erasmus-se-studenti-nasi-skoly-zameruji-na-aktivity-cvicne-cestovni-kancelare-ck-primmat-tours', '1', '2021-03-23 17:11:43', '41', '2021-03-23 16:25:52', '41', '2021-03-23 16:26:28', '3');
INSERT INTO `pages` (`id`, `parent_id`, `templates_id`, `name`, `status`, `modified`, `modified_users_id`, `created`, `created_users_id`, `published`, `sort`) VALUES('1096', '1033', '48', 'primmat-rodinna-atmosfera-individualni-pristup-kvalitni-vyuka-narocnost-a-vstricnost-od-roku-1992-videoklip-zde', '1', '2021-03-28 19:46:46', '41', '2021-03-23 17:01:45', '41', '2021-03-23 17:02:41', '1');
INSERT INTO `pages` (`id`, `parent_id`, `templates_id`, `name`, `status`, `modified`, `modified_users_id`, `created`, `created_users_id`, `published`, `sort`) VALUES('1097', '1030', '46', 'informace-k-seznamu-prijatych-uchazecu-ke-studiu', '1', '2021-03-28 19:41:50', '41', '2021-03-28 19:41:26', '41', '2021-03-28 19:41:50', '4');
INSERT INTO `pages` (`id`, `parent_id`, `templates_id`, `name`, `status`, `modified`, `modified_users_id`, `created`, `created_users_id`, `published`, `sort`) VALUES('1098', '1', '29', 'data-z-formulare', '1025', '2021-04-06 15:37:15', '41', '2021-04-06 15:36:59', '41', '2021-04-06 15:37:15', '12');

DROP TABLE IF EXISTS `pages_access`;
CREATE TABLE `pages_access` (
  `pages_id` int(11) NOT NULL,
  `templates_id` int(11) NOT NULL,
  `ts` timestamp NOT NULL DEFAULT CURRENT_TIMESTAMP ON UPDATE CURRENT_TIMESTAMP,
  PRIMARY KEY (`pages_id`),
  KEY `templates_id` (`templates_id`)
) ENGINE=MyISAM DEFAULT CHARSET=utf8;

INSERT INTO `pages_access` (`pages_id`, `templates_id`, `ts`) VALUES('37', '2', '2021-03-01 10:11:23');
INSERT INTO `pages_access` (`pages_id`, `templates_id`, `ts`) VALUES('38', '2', '2021-03-01 10:11:23');
INSERT INTO `pages_access` (`pages_id`, `templates_id`, `ts`) VALUES('32', '2', '2021-03-01 10:11:23');
INSERT INTO `pages_access` (`pages_id`, `templates_id`, `ts`) VALUES('34', '2', '2021-03-01 10:11:23');
INSERT INTO `pages_access` (`pages_id`, `templates_id`, `ts`) VALUES('35', '2', '2021-03-01 10:11:23');
INSERT INTO `pages_access` (`pages_id`, `templates_id`, `ts`) VALUES('36', '2', '2021-03-01 10:11:23');
INSERT INTO `pages_access` (`pages_id`, `templates_id`, `ts`) VALUES('50', '2', '2021-03-01 10:11:23');
INSERT INTO `pages_access` (`pages_id`, `templates_id`, `ts`) VALUES('51', '2', '2021-03-01 10:11:23');
INSERT INTO `pages_access` (`pages_id`, `templates_id`, `ts`) VALUES('52', '2', '2021-03-01 10:11:23');
INSERT INTO `pages_access` (`pages_id`, `templates_id`, `ts`) VALUES('53', '2', '2021-03-01 10:11:23');
INSERT INTO `pages_access` (`pages_id`, `templates_id`, `ts`) VALUES('54', '2', '2021-03-01 10:11:23');
INSERT INTO `pages_access` (`pages_id`, `templates_id`, `ts`) VALUES('1006', '2', '2021-03-01 10:11:23');
INSERT INTO `pages_access` (`pages_id`, `templates_id`, `ts`) VALUES('1011', '2', '2021-03-01 10:11:36');
INSERT INTO `pages_access` (`pages_id`, `templates_id`, `ts`) VALUES('1013', '2', '2021-03-01 10:11:43');
INSERT INTO `pages_access` (`pages_id`, `templates_id`, `ts`) VALUES('1014', '2', '2021-03-01 10:11:43');
INSERT INTO `pages_access` (`pages_id`, `templates_id`, `ts`) VALUES('1016', '2', '2021-03-01 10:52:57');
INSERT INTO `pages_access` (`pages_id`, `templates_id`, `ts`) VALUES('1018', '2', '2021-03-01 10:52:58');
INSERT INTO `pages_access` (`pages_id`, `templates_id`, `ts`) VALUES('1020', '1', '2021-03-01 11:15:40');
INSERT INTO `pages_access` (`pages_id`, `templates_id`, `ts`) VALUES('1021', '1', '2021-03-01 11:27:33');
INSERT INTO `pages_access` (`pages_id`, `templates_id`, `ts`) VALUES('1022', '1', '2021-03-01 11:29:13');
INSERT INTO `pages_access` (`pages_id`, `templates_id`, `ts`) VALUES('1023', '1', '2021-03-01 11:29:36');
INSERT INTO `pages_access` (`pages_id`, `templates_id`, `ts`) VALUES('1024', '1', '2021-03-03 10:39:27');
INSERT INTO `pages_access` (`pages_id`, `templates_id`, `ts`) VALUES('1025', '1', '2021-03-03 10:43:06');
INSERT INTO `pages_access` (`pages_id`, `templates_id`, `ts`) VALUES('1026', '1', '2021-03-03 10:45:11');
INSERT INTO `pages_access` (`pages_id`, `templates_id`, `ts`) VALUES('1027', '1', '2021-03-03 10:46:48');
INSERT INTO `pages_access` (`pages_id`, `templates_id`, `ts`) VALUES('1028', '1', '2021-03-03 10:47:33');
INSERT INTO `pages_access` (`pages_id`, `templates_id`, `ts`) VALUES('1029', '1', '2021-03-03 10:48:54');
INSERT INTO `pages_access` (`pages_id`, `templates_id`, `ts`) VALUES('1030', '1', '2021-03-03 15:42:14');
INSERT INTO `pages_access` (`pages_id`, `templates_id`, `ts`) VALUES('1031', '1', '2021-03-05 11:43:32');
INSERT INTO `pages_access` (`pages_id`, `templates_id`, `ts`) VALUES('1032', '1', '2021-03-05 11:46:20');
INSERT INTO `pages_access` (`pages_id`, `templates_id`, `ts`) VALUES('1033', '1', '2021-03-05 11:47:54');
INSERT INTO `pages_access` (`pages_id`, `templates_id`, `ts`) VALUES('1037', '1', '2021-03-05 12:10:12');
INSERT INTO `pages_access` (`pages_id`, `templates_id`, `ts`) VALUES('1040', '1', '2021-03-10 11:49:59');
INSERT INTO `pages_access` (`pages_id`, `templates_id`, `ts`) VALUES('1041', '1', '2021-03-10 11:53:41');
INSERT INTO `pages_access` (`pages_id`, `templates_id`, `ts`) VALUES('1042', '1', '2021-03-10 11:54:08');
INSERT INTO `pages_access` (`pages_id`, `templates_id`, `ts`) VALUES('1043', '1', '2021-03-10 11:54:33');
INSERT INTO `pages_access` (`pages_id`, `templates_id`, `ts`) VALUES('1044', '1', '2021-03-10 11:55:08');
INSERT INTO `pages_access` (`pages_id`, `templates_id`, `ts`) VALUES('1045', '1', '2021-03-10 15:21:09');
INSERT INTO `pages_access` (`pages_id`, `templates_id`, `ts`) VALUES('1046', '1', '2021-03-10 15:24:15');
INSERT INTO `pages_access` (`pages_id`, `templates_id`, `ts`) VALUES('1047', '1', '2021-03-10 15:24:35');
INSERT INTO `pages_access` (`pages_id`, `templates_id`, `ts`) VALUES('1048', '1', '2021-03-10 15:25:10');
INSERT INTO `pages_access` (`pages_id`, `templates_id`, `ts`) VALUES('1049', '1', '2021-03-10 15:25:35');
INSERT INTO `pages_access` (`pages_id`, `templates_id`, `ts`) VALUES('1050', '1', '2021-03-10 15:25:55');
INSERT INTO `pages_access` (`pages_id`, `templates_id`, `ts`) VALUES('1054', '1', '2021-03-10 18:23:45');
INSERT INTO `pages_access` (`pages_id`, `templates_id`, `ts`) VALUES('1053', '1', '2021-03-10 18:23:19');
INSERT INTO `pages_access` (`pages_id`, `templates_id`, `ts`) VALUES('1055', '1', '2021-03-10 18:24:16');
INSERT INTO `pages_access` (`pages_id`, `templates_id`, `ts`) VALUES('1056', '1', '2021-03-10 18:24:38');
INSERT INTO `pages_access` (`pages_id`, `templates_id`, `ts`) VALUES('1057', '1', '2021-03-10 18:25:09');
INSERT INTO `pages_access` (`pages_id`, `templates_id`, `ts`) VALUES('1058', '1', '2021-03-10 18:25:33');
INSERT INTO `pages_access` (`pages_id`, `templates_id`, `ts`) VALUES('1059', '1', '2021-03-10 18:26:03');
INSERT INTO `pages_access` (`pages_id`, `templates_id`, `ts`) VALUES('1060', '1', '2021-03-10 18:26:24');
INSERT INTO `pages_access` (`pages_id`, `templates_id`, `ts`) VALUES('1061', '1', '2021-03-10 18:26:46');
INSERT INTO `pages_access` (`pages_id`, `templates_id`, `ts`) VALUES('1062', '1', '2021-03-10 18:27:07');
INSERT INTO `pages_access` (`pages_id`, `templates_id`, `ts`) VALUES('1063', '1', '2021-03-10 18:27:31');
INSERT INTO `pages_access` (`pages_id`, `templates_id`, `ts`) VALUES('1064', '1', '2021-03-10 18:27:51');
INSERT INTO `pages_access` (`pages_id`, `templates_id`, `ts`) VALUES('1065', '1', '2021-03-10 18:28:14');
INSERT INTO `pages_access` (`pages_id`, `templates_id`, `ts`) VALUES('1066', '1', '2021-03-10 18:28:34');
INSERT INTO `pages_access` (`pages_id`, `templates_id`, `ts`) VALUES('1067', '1', '2021-03-10 18:28:52');
INSERT INTO `pages_access` (`pages_id`, `templates_id`, `ts`) VALUES('1068', '1', '2021-03-10 18:29:15');
INSERT INTO `pages_access` (`pages_id`, `templates_id`, `ts`) VALUES('1069', '1', '2021-03-10 18:31:04');
INSERT INTO `pages_access` (`pages_id`, `templates_id`, `ts`) VALUES('1070', '1', '2021-03-10 18:31:26');
INSERT INTO `pages_access` (`pages_id`, `templates_id`, `ts`) VALUES('1071', '1', '2021-03-12 15:42:48');
INSERT INTO `pages_access` (`pages_id`, `templates_id`, `ts`) VALUES('1072', '1', '2021-03-12 15:52:49');
INSERT INTO `pages_access` (`pages_id`, `templates_id`, `ts`) VALUES('1073', '1', '2021-03-12 15:54:26');
INSERT INTO `pages_access` (`pages_id`, `templates_id`, `ts`) VALUES('1074', '1', '2021-03-12 16:01:11');
INSERT INTO `pages_access` (`pages_id`, `templates_id`, `ts`) VALUES('1097', '1', '2021-03-28 19:41:26');
INSERT INTO `pages_access` (`pages_id`, `templates_id`, `ts`) VALUES('1096', '1', '2021-03-23 17:01:45');
INSERT INTO `pages_access` (`pages_id`, `templates_id`, `ts`) VALUES('1095', '1', '2021-03-23 16:25:52');
INSERT INTO `pages_access` (`pages_id`, `templates_id`, `ts`) VALUES('1094', '1', '2021-03-23 16:24:48');
INSERT INTO `pages_access` (`pages_id`, `templates_id`, `ts`) VALUES('1079', '1', '2021-03-16 16:54:05');
INSERT INTO `pages_access` (`pages_id`, `templates_id`, `ts`) VALUES('1080', '1', '2021-03-16 17:11:35');
INSERT INTO `pages_access` (`pages_id`, `templates_id`, `ts`) VALUES('1081', '1', '2021-03-16 17:12:24');
INSERT INTO `pages_access` (`pages_id`, `templates_id`, `ts`) VALUES('1082', '1', '2021-03-17 16:05:54');
INSERT INTO `pages_access` (`pages_id`, `templates_id`, `ts`) VALUES('1083', '1', '2021-03-17 16:06:45');
INSERT INTO `pages_access` (`pages_id`, `templates_id`, `ts`) VALUES('1084', '1', '2021-03-17 16:07:03');
INSERT INTO `pages_access` (`pages_id`, `templates_id`, `ts`) VALUES('1085', '1', '2021-03-17 16:07:24');
INSERT INTO `pages_access` (`pages_id`, `templates_id`, `ts`) VALUES('1086', '1', '2021-03-17 16:21:38');
INSERT INTO `pages_access` (`pages_id`, `templates_id`, `ts`) VALUES('1087', '1', '2021-03-17 16:26:31');
INSERT INTO `pages_access` (`pages_id`, `templates_id`, `ts`) VALUES('1088', '1', '2021-03-17 16:26:58');
INSERT INTO `pages_access` (`pages_id`, `templates_id`, `ts`) VALUES('1089', '1', '2021-03-17 16:27:48');
INSERT INTO `pages_access` (`pages_id`, `templates_id`, `ts`) VALUES('1090', '1', '2021-03-17 16:28:24');
INSERT INTO `pages_access` (`pages_id`, `templates_id`, `ts`) VALUES('1091', '1', '2021-03-17 16:29:46');
INSERT INTO `pages_access` (`pages_id`, `templates_id`, `ts`) VALUES('1092', '1', '2021-03-17 16:30:19');
INSERT INTO `pages_access` (`pages_id`, `templates_id`, `ts`) VALUES('1093', '1', '2021-03-23 14:53:47');
INSERT INTO `pages_access` (`pages_id`, `templates_id`, `ts`) VALUES('1098', '1', '2021-04-06 15:36:59');

DROP TABLE IF EXISTS `pages_parents`;
CREATE TABLE `pages_parents` (
  `pages_id` int(10) unsigned NOT NULL,
  `parents_id` int(10) unsigned NOT NULL,
  PRIMARY KEY (`pages_id`,`parents_id`)
) ENGINE=MyISAM DEFAULT CHARSET=utf8;

INSERT INTO `pages_parents` (`pages_id`, `parents_id`) VALUES('2', '1');
INSERT INTO `pages_parents` (`pages_id`, `parents_id`) VALUES('3', '1');
INSERT INTO `pages_parents` (`pages_id`, `parents_id`) VALUES('3', '2');
INSERT INTO `pages_parents` (`pages_id`, `parents_id`) VALUES('22', '1');
INSERT INTO `pages_parents` (`pages_id`, `parents_id`) VALUES('22', '2');
INSERT INTO `pages_parents` (`pages_id`, `parents_id`) VALUES('28', '1');
INSERT INTO `pages_parents` (`pages_id`, `parents_id`) VALUES('28', '2');
INSERT INTO `pages_parents` (`pages_id`, `parents_id`) VALUES('29', '1');
INSERT INTO `pages_parents` (`pages_id`, `parents_id`) VALUES('29', '2');
INSERT INTO `pages_parents` (`pages_id`, `parents_id`) VALUES('29', '28');
INSERT INTO `pages_parents` (`pages_id`, `parents_id`) VALUES('30', '1');
INSERT INTO `pages_parents` (`pages_id`, `parents_id`) VALUES('30', '2');
INSERT INTO `pages_parents` (`pages_id`, `parents_id`) VALUES('30', '28');
INSERT INTO `pages_parents` (`pages_id`, `parents_id`) VALUES('31', '1');
INSERT INTO `pages_parents` (`pages_id`, `parents_id`) VALUES('31', '2');
INSERT INTO `pages_parents` (`pages_id`, `parents_id`) VALUES('31', '28');
INSERT INTO `pages_parents` (`pages_id`, `parents_id`) VALUES('1017', '2');
INSERT INTO `pages_parents` (`pages_id`, `parents_id`) VALUES('1017', '22');
INSERT INTO `pages_parents` (`pages_id`, `parents_id`) VALUES('1041', '1040');
INSERT INTO `pages_parents` (`pages_id`, `parents_id`) VALUES('1042', '1040');
INSERT INTO `pages_parents` (`pages_id`, `parents_id`) VALUES('1043', '1040');
INSERT INTO `pages_parents` (`pages_id`, `parents_id`) VALUES('1084', '1082');

DROP TABLE IF EXISTS `pages_sortfields`;
CREATE TABLE `pages_sortfields` (
  `pages_id` int(10) unsigned NOT NULL DEFAULT '0',
  `sortfield` varchar(20) NOT NULL DEFAULT '',
  PRIMARY KEY (`pages_id`)
) ENGINE=MyISAM DEFAULT CHARSET=utf8;


DROP TABLE IF EXISTS `session_login_throttle`;
CREATE TABLE `session_login_throttle` (
  `name` varchar(128) NOT NULL,
  `attempts` int(10) unsigned NOT NULL DEFAULT '0',
  `last_attempt` int(10) unsigned NOT NULL,
  PRIMARY KEY (`name`)
) ENGINE=MyISAM DEFAULT CHARSET=utf8;

DROP TABLE IF EXISTS `templates`;
CREATE TABLE `templates` (
  `id` int(10) unsigned NOT NULL AUTO_INCREMENT,
  `name` varchar(250) CHARACTER SET ascii NOT NULL,
  `fieldgroups_id` int(10) unsigned NOT NULL DEFAULT '0',
  `flags` int(11) NOT NULL DEFAULT '0',
  `cache_time` mediumint(9) NOT NULL DEFAULT '0',
  `data` text NOT NULL,
  PRIMARY KEY (`id`),
  UNIQUE KEY `name` (`name`),
  KEY `fieldgroups_id` (`fieldgroups_id`)
) ENGINE=MyISAM AUTO_INCREMENT=58 DEFAULT CHARSET=utf8;

INSERT INTO `templates` (`id`, `name`, `fieldgroups_id`, `flags`, `cache_time`, `data`) VALUES('2', 'admin', '2', '8', '0', '{\"useRoles\":1,\"parentTemplates\":[2],\"allowPageNum\":1,\"redirectLogin\":23,\"slashUrls\":1,\"noGlobal\":1,\"compile\":3,\"modified\":1577952376,\"ns\":\"ProcessWire\"}');
INSERT INTO `templates` (`id`, `name`, `fieldgroups_id`, `flags`, `cache_time`, `data`) VALUES('3', 'user', '3', '8', '0', '{\"useRoles\":1,\"noChildren\":1,\"parentTemplates\":[2],\"slashUrls\":1,\"pageClass\":\"User\",\"noGlobal\":1,\"noMove\":1,\"noTrash\":1,\"noSettings\":1,\"noChangeTemplate\":1,\"nameContentTab\":1}');
INSERT INTO `templates` (`id`, `name`, `fieldgroups_id`, `flags`, `cache_time`, `data`) VALUES('4', 'role', '4', '8', '0', '{\"noChildren\":1,\"parentTemplates\":[2],\"slashUrls\":1,\"pageClass\":\"Role\",\"noGlobal\":1,\"noMove\":1,\"noTrash\":1,\"noSettings\":1,\"noChangeTemplate\":1,\"nameContentTab\":1}');
INSERT INTO `templates` (`id`, `name`, `fieldgroups_id`, `flags`, `cache_time`, `data`) VALUES('5', 'permission', '5', '8', '0', '{\"noChildren\":1,\"parentTemplates\":[2],\"slashUrls\":1,\"guestSearchable\":1,\"pageClass\":\"Permission\",\"noGlobal\":1,\"noMove\":1,\"noTrash\":1,\"noSettings\":1,\"noChangeTemplate\":1,\"nameContentTab\":1}');
INSERT INTO `templates` (`id`, `name`, `fieldgroups_id`, `flags`, `cache_time`, `data`) VALUES('1', 'home', '1', '0', '0', '{\"useRoles\":1,\"noParents\":1,\"slashUrls\":1,\"compile\":3,\"modified\":1616605019,\"ns\":\"\\\\\",\"roles\":[37]}');
INSERT INTO `templates` (`id`, `name`, `fieldgroups_id`, `flags`, `cache_time`, `data`) VALUES('29', 'onlyTitle', '83', '0', '0', '{\"slashUrls\":1,\"compile\":3,\"modified\":1615910193,\"ns\":\"\\\\\"}');
INSERT INTO `templates` (`id`, `name`, `fieldgroups_id`, `flags`, `cache_time`, `data`) VALUES('43', 'language', '97', '8', '0', '{\"parentTemplates\":[2],\"slashUrls\":1,\"pageClass\":\"Language\",\"pageLabelField\":\"name\",\"noGlobal\":1,\"noMove\":1,\"noTrash\":1,\"noChangeTemplate\":1,\"noUnpublish\":1,\"compile\":3,\"nameContentTab\":1,\"modified\":1614592378}');
INSERT INTO `templates` (`id`, `name`, `fieldgroups_id`, `flags`, `cache_time`, `data`) VALUES('44', 'titleAndText', '98', '0', '0', '{\"slashUrls\":1,\"compile\":3,\"modified\":1616603942}');
INSERT INTO `templates` (`id`, `name`, `fieldgroups_id`, `flags`, `cache_time`, `data`) VALUES('45', 'referenceAbsolvent', '99', '0', '0', '{\"slashUrls\":1,\"compile\":3,\"modified\":1614764529}');
INSERT INTO `templates` (`id`, `name`, `fieldgroups_id`, `flags`, `cache_time`, `data`) VALUES('46', 'aktualita', '100', '0', '0', '{\"parentTemplates\":[47,48],\"slashUrls\":1,\"compile\":3,\"modified\":1616517100,\"ns\":\"\\\\\"}');
INSERT INTO `templates` (`id`, `name`, `fieldgroups_id`, `flags`, `cache_time`, `data`) VALUES('47', 'aktuality', '101', '0', '0', '{\"childTemplates\":[46],\"slashUrls\":1,\"compile\":3,\"modified\":1615118323,\"ns\":\"\\\\\"}');
INSERT INTO `templates` (`id`, `name`, `fieldgroups_id`, `flags`, `cache_time`, `data`) VALUES('48', 'duleziteUpozorneni', '102', '0', '0', '{\"parentTemplates\":[49],\"slashUrls\":1,\"compile\":3,\"modified\":1616517105,\"ns\":\"\\\\\"}');
INSERT INTO `templates` (`id`, `name`, `fieldgroups_id`, `flags`, `cache_time`, `data`) VALUES('49', 'duleziteUpozorneniPage', '103', '0', '0', '{\"childTemplates\":[48],\"slashUrls\":1,\"compile\":3,\"modified\":1614942492}');
INSERT INTO `templates` (`id`, `name`, `fieldgroups_id`, `flags`, `cache_time`, `data`) VALUES('50', 'oskole', '104', '0', '0', '{\"slashUrls\":1,\"compile\":3,\"modified\":1615900401,\"ns\":\"\\\\\"}');
INSERT INTO `templates` (`id`, `name`, `fieldgroups_id`, `flags`, `cache_time`, `data`) VALUES('51', 'pracovnik', '105', '0', '0', '{\"slashUrls\":1,\"compile\":3,\"modified\":1615391438}');
INSERT INTO `templates` (`id`, `name`, `fieldgroups_id`, `flags`, `cache_time`, `data`) VALUES('56', 'kontakt', '110', '0', '0', '{\"slashUrls\":1,\"compile\":3,\"modified\":1617714444,\"ns\":\"\\\\\"}');
INSERT INTO `templates` (`id`, `name`, `fieldgroups_id`, `flags`, `cache_time`, `data`) VALUES('53', 'obor', '107', '0', '0', '{\"slashUrls\":1,\"compile\":3,\"modified\":1615819054,\"ns\":\"\\\\\"}');
INSERT INTO `templates` (`id`, `name`, `fieldgroups_id`, `flags`, `cache_time`, `data`) VALUES('54', 'whyStudyUsPage', '108', '0', '0', '{\"slashUrls\":1,\"compile\":3,\"modified\":1615561357}');
INSERT INTO `templates` (`id`, `name`, `fieldgroups_id`, `flags`, `cache_time`, `data`) VALUES('55', 'basicPage', '109', '0', '0', '{\"slashUrls\":1,\"compile\":3,\"modified\":1615911476,\"ns\":\"\\\\\"}');
INSERT INTO `templates` (`id`, `name`, `fieldgroups_id`, `flags`, `cache_time`, `data`) VALUES('57', 'formData', '111', '0', '0', '{\"slashUrls\":1,\"compile\":3,\"modified\":1617716192}');

UPDATE pages SET created_users_id=41, modified_users_id=41, created=NOW(), modified=NOW();

# --- /WireDatabaseBackup {"numTables":33,"numCreateTables":39,"numInserts":978,"numSeconds":0}